Order_ID,Order_Date,Customer_ID,City,State,Category,Product,Quantity,Unit_Price_INR,Discount_Rate,Discount_Amount_INR,Shipping_Fee_INR,Net_Sales_INR,Sales_Channel,Payment_Method,Customer_Segment,Order_Status
ORD100046,2025-01-01,CUST10348,Chennai,Tamil Nadu,Home & Kitchen,Coffee Maker,3,11108.0,0.0,0.0,79,33403.0,Website,UPI,Returning Customer,Delivered
ORD100250,2025-01-01,CUST10477,Pune,Maharashtra,Beauty,Moisturizer,1,969.0,0.15,145.35,0,823.65,Website,UPI,Returning Customer,Delivered
ORD100371,2025-01-01,CUST10012,Kochi,Kerala,Fashion,Backpack,1,5467.0,0.0,0.0,49,5516.0,Marketplace,Cash on Delivery,Returning Customer,Delivered
ORD100577,2025-01-01,CUST10558,Kochi,Kerala,Electronics,Laptop,1,60598.0,0.0,0.0,49,60647.0,Website,Credit Card,New Customer,Delivered
ORD101015,2025-01-01,CUST10407,Indore,Madhya Pradesh,Home & Kitchen,Air Fryer,1,16004.0,0.15,2400.6,0,13603.4,Marketplace,UPI,New Customer,Delivered
ORD101491,2025-01-01,CUST10414,Kolkata,West Bengal,Home & Kitchen,Air Fryer,1,3940.0,0.2,788.0,0,3152.0,Mobile App,Credit Card,New Customer,Delivered
ORD100284,2025-01-02,CUST10384,Lucknow,Uttar Pradesh,Electronics,Smartphone,1,29240.0,0.0,0.0,149,29389.0,Mobile App,Credit Card,Returning Customer,Delivered
ORD100308,2025-01-02,CUST10238,Ahmedabad,Gujarat,Beauty,Hair Dryer,1,3199.0,0.1,319.9,149,3028.1,Marketplace,UPI,New Customer,Delivered
ORD101106,2025-01-02,CUST10370,Kolkata,West Bengal,Electronics,Tablet,1,4206.0,0.0,0.0,49,4255.0,Website,UPI,Returning Customer,Delivered
ORD101499,2025-01-02,CUST10289,Lucknow,Uttar Pradesh,Beauty,Moisturizer,1,1551.0,0.2,310.2,49,246.87,Mobile App,Cash on Delivery,VIP,Returned
ORD100460,2025-01-03,CUST10519,Delhi,Delhi,Beauty,Hair Dryer,1,5732.0,0.0,0.0,0,5732.0,Website,Cash on Delivery,New Customer,Delivered
ORD100776,2025-01-03,CUST10193,Bengaluru,Karnataka,Electronics,Tablet,1,38657.0,0.2,7731.4,0,30925.6,Website,UPI,New Customer,Delivered
ORD101429,2025-01-03,CUST10589,Mumbai,Maharashtra,Electronics,Headphones,2,45499.0,0.2,18199.6,0,72798.4,Mobile App,Credit Card,New Customer,Delivered
ORD101462,2025-01-03,CUST10193,Jaipur,Rajasthan,Sports,Yoga Mat,3,8862.0,0.2,5317.2,79,21347.8,Website,Credit Card,New Customer,Delivered
ORD101479,2025-01-03,CUST10513,Chennai,Tamil Nadu,Electronics,Smartwatch,2,50913.0,0.2,20365.2,149,81609.8,Website,Credit Card,Returning Customer,Delivered
ORD101571,2025-01-03,CUST10477,Kolkata,West Bengal,Home & Kitchen,Coffee Maker,1,14766.0,0.15,2214.9,0,0.0,Mobile App,UPI,Returning Customer,Cancelled
ORD101800,2025-01-03,CUST10344,Chennai,Tamil Nadu,Home & Kitchen,Mixer,1,15596.0,0.0,0.0,149,1452.99,Mobile App,Wallet,New Customer,Returned
ORD100440,2025-01-04,CUST10420,Lucknow,Uttar Pradesh,Home & Kitchen,Air Fryer,2,1322.0,0.0,0.0,49,2693.0,Mobile App,Debit Card,Returning Customer,Delivered
ORD100666,2025-01-04,CUST10483,Pune,Maharashtra,Fashion,Jacket,1,3978.0,0.1,397.8,0,3580.2,Website,Cash on Delivery,New Customer,Delivered
ORD100721,2025-01-04,CUST10555,Kolkata,West Bengal,Electronics,Laptop,1,40689.0,0.2,8137.8,0,32551.2,Mobile App,Debit Card,New Customer,Delivered
ORD100785,2025-01-04,CUST10277,Bengaluru,Karnataka,Sports,Running Shoes,2,5147.0,0.0,0.0,49,1483.78,Mobile App,Debit Card,Returning Customer,Returned
ORD100914,2025-01-04,CUST10169,Lucknow,Uttar Pradesh,Electronics,Smartwatch,1,62083.0,0.0,0.0,79,9413.86,Marketplace,Cash on Delivery,Returning Customer,Returned
ORD101099,2025-01-04,CUST10192,Mumbai,Maharashtra,Electronics,Tablet,1,3025.0,0.0,0.0,79,412.38,Mobile App,Cash on Delivery,Returning Customer,Returned
ORD101513,2025-01-04,CUST10155,Bengaluru,Karnataka,Home & Kitchen,Mixer,2,15243.0,0.0,0.0,49,0.0,Website,UPI,Returning Customer,Cancelled
ORD100878,2025-01-05,CUST10586,Ahmedabad,Gujarat,Home & Kitchen,Vacuum Cleaner,1,14663.0,0.0,0.0,149,14812.0,Website,Credit Card,Returning Customer,Delivered
ORD101848,2025-01-05,CUST10366,Chennai,Tamil Nadu,Sports,Football,1,9088.0,0.15,1363.2,0,0.0,Mobile App,UPI,VIP,Cancelled
ORD101874,2025-01-05,CUST10556,Kolkata,West Bengal,Fashion,T-Shirt,1,7150.0,0.0,0.0,0,1121.51,Mobile App,UPI,New Customer,Returned
ORD101035,2025-01-06,CUST10065,Kolkata,West Bengal,Sports,Dumbbells,1,7592.0,0.0,0.0,79,7671.0,Website,Credit Card,New Customer,Delivered
ORD101542,2025-01-06,CUST10214,Indore,Madhya Pradesh,Electronics,Headphones,1,6182.0,0.05,309.1,99,0.0,Mobile App,UPI,Returning Customer,Cancelled
ORD101968,2025-01-06,CUST10501,Pune,Maharashtra,Home & Kitchen,Cookware Set,2,2627.0,0.0,0.0,49,5303.0,Website,Net Banking,Returning Customer,Delivered
ORD100148,2025-01-07,CUST10510,Mumbai,Maharashtra,Sports,Football,1,6039.0,0.0,0.0,49,0.0,Website,UPI,New Customer,Cancelled
ORD100537,2025-01-07,CUST10233,Ahmedabad,Gujarat,Electronics,Headphones,1,37302.0,0.2,7460.4,149,29990.6,Marketplace,UPI,New Customer,Delivered
ORD101000,2025-01-07,CUST10416,Ahmedabad,Gujarat,Beauty,Shampoo,1,5101.0,0.0,0.0,0,5101.0,Mobile App,Credit Card,Returning Customer,Delivered
ORD101651,2025-01-07,CUST10461,Delhi,Delhi,Fashion,Backpack,1,2159.0,0.0,0.0,49,0.0,Marketplace,Credit Card,New Customer,Cancelled
ORD101779,2025-01-07,CUST10383,Delhi,Delhi,Fashion,T-Shirt,1,4582.0,0.0,0.0,49,4631.0,Website,Wallet,New Customer,Delivered
ORD100386,2025-01-08,CUST10485,Chennai,Tamil Nadu,Sports,Yoga Mat,1,4177.0,0.0,0.0,0,4177.0,Website,Cash on Delivery,Returning Customer,Delivered
ORD100556,2025-01-08,CUST10202,Kochi,Kerala,Beauty,Perfume,1,5320.0,0.2,1064.0,79,4335.0,Mobile App,Credit Card,Returning Customer,Delivered
ORD100712,2025-01-08,CUST10026,Kochi,Kerala,Electronics,Smartwatch,1,49613.0,0.0,0.0,49,8744.46,Website,UPI,New Customer,Returned
ORD100808,2025-01-08,CUST10410,Bengaluru,Karnataka,Beauty,Shampoo,1,1681.0,0.1,168.1,79,1591.9,Marketplace,Credit Card,Returning Customer,Delivered
ORD101258,2025-01-08,CUST10075,Ahmedabad,Gujarat,Fashion,Backpack,1,5318.0,0.0,0.0,0,401.61,Website,Credit Card,Returning Customer,Returned
ORD100111,2025-01-09,CUST10318,Indore,Madhya Pradesh,Fashion,Sneakers,2,847.0,0.05,84.7,79,1688.3,Mobile App,Debit Card,Returning Customer,Delivered
ORD100424,2025-01-09,CUST10267,Hyderabad,Telangana,Beauty,Hair Dryer,1,1380.0,0.0,0.0,0,0.0,Mobile App,Wallet,Returning Customer,Cancelled
ORD100438,2025-01-09,CUST10482,Kochi,Kerala,Home & Kitchen,Mixer,1,16482.0,0.0,0.0,99,0.0,Marketplace,Net Banking,VIP,Cancelled
ORD101749,2025-01-09,CUST10130,Bengaluru,Karnataka,Sports,Dumbbells,1,1500.0,0.0,0.0,79,1579.0,Website,Wallet,Returning Customer,Delivered
ORD101788,2025-01-09,CUST10450,Hyderabad,Telangana,Fashion,Backpack,1,4164.0,0.0,0.0,79,4243.0,Website,Debit Card,New Customer,Delivered
ORD100408,2025-01-10,CUST10340,Delhi,Delhi,Beauty,Moisturizer,1,2821.0,0.15,423.15,79,2476.85,Mobile App,UPI,New Customer,Delivered
ORD100447,2025-01-10,CUST10078,Lucknow,Uttar Pradesh,Electronics,Laptop,1,63953.0,0.0,0.0,0,63953.0,Website,UPI,New Customer,Delivered
ORD100535,2025-01-10,CUST10177,Kolkata,West Bengal,Fashion,T-Shirt,1,3113.0,0.1,311.3,99,2900.7,Marketplace,Credit Card,New Customer,Delivered
ORD100733,2025-01-10,CUST10540,Kolkata,West Bengal,Sports,Cricket Bat,1,2475.0,0.1,247.5,0,2227.5,Website,Credit Card,Returning Customer,Delivered
ORD101182,2025-01-10,CUST10407,Chennai,Tamil Nadu,Sports,Yoga Mat,1,10970.0,0.05,548.5,0,10421.5,Website,UPI,New Customer,Delivered
ORD101320,2025-01-10,CUST10009,Jaipur,Rajasthan,Fashion,Jeans,1,8447.0,0.0,0.0,49,1817.03,Website,Wallet,New Customer,Returned
ORD101635,2025-01-10,CUST10196,Kolkata,West Bengal,Electronics,Smartphone,2,17581.0,0.0,0.0,0,4345.92,Mobile App,UPI,VIP,Returned
ORD101637,2025-01-10,CUST10072,Indore,Madhya Pradesh,Sports,Running Shoes,1,10542.0,0.0,0.0,0,10542.0,Website,UPI,New Customer,Delivered
ORD101932,2025-01-10,CUST10553,Kolkata,West Bengal,Beauty,Hair Dryer,1,3617.0,0.0,0.0,79,3696.0,Website,Cash on Delivery,New Customer,Delivered
ORD100300,2025-01-11,CUST10112,Ahmedabad,Gujarat,Electronics,Laptop,1,52385.0,0.0,0.0,49,5890.33,Website,Cash on Delivery,Returning Customer,Returned
ORD101061,2025-01-11,CUST10387,Hyderabad,Telangana,Fashion,Sneakers,1,6901.0,0.0,0.0,49,6950.0,Mobile App,Debit Card,VIP,Delivered
ORD101703,2025-01-11,CUST10256,Ahmedabad,Gujarat,Sports,Cricket Bat,1,1045.0,0.0,0.0,0,1045.0,Website,Net Banking,Returning Customer,Delivered
ORD101936,2025-01-11,CUST10005,Mumbai,Maharashtra,Electronics,Laptop,1,5749.0,0.0,0.0,149,5898.0,Mobile App,Cash on Delivery,New Customer,Delivered
ORD101049,2025-01-12,CUST10299,Bengaluru,Karnataka,Sports,Football,1,3606.0,0.0,0.0,49,3655.0,Marketplace,Net Banking,Returning Customer,Delivered
ORD101217,2025-01-12,CUST10206,Pune,Maharashtra,Fashion,Sneakers,1,4633.0,0.0,0.0,49,4682.0,Marketplace,Credit Card,Returning Customer,Delivered
ORD101667,2025-01-12,CUST10325,Lucknow,Uttar Pradesh,Beauty,Face Wash,1,597.0,0.05,29.85,99,666.15,Website,Cash on Delivery,New Customer,Delivered
ORD101732,2025-01-12,CUST10056,Indore,Madhya Pradesh,Electronics,Smartwatch,1,7221.0,0.0,0.0,0,7221.0,Mobile App,Debit Card,Returning Customer,Delivered
ORD101793,2025-01-12,CUST10141,Chennai,Tamil Nadu,Home & Kitchen,Cookware Set,2,725.0,0.0,0.0,0,0.0,Marketplace,UPI,New Customer,Cancelled
ORD100866,2025-01-13,CUST10362,Indore,Madhya Pradesh,Electronics,Tablet,2,60590.0,0.0,0.0,149,121329.0,Marketplace,Debit Card,New Customer,Delivered
ORD100931,2025-01-13,CUST10341,Lucknow,Uttar Pradesh,Fashion,Backpack,3,6444.0,0.0,0.0,149,19481.0,Website,Cash on Delivery,Returning Customer,Delivered
ORD101225,2025-01-13,CUST10304,Mumbai,Maharashtra,Home & Kitchen,Coffee Maker,1,12777.0,0.1,1277.7,49,11548.3,Mobile App,Net Banking,Returning Customer,Delivered
ORD100745,2025-01-14,CUST10590,Pune,Maharashtra,Sports,Dumbbells,1,966.0,0.0,0.0,0,966.0,Website,Debit Card,Returning Customer,Delivered
ORD100782,2025-01-14,CUST10431,Hyderabad,Telangana,Home & Kitchen,Coffee Maker,1,1241.0,0.05,62.05,0,1178.95,Marketplace,Net Banking,New Customer,Delivered
ORD101676,2025-01-14,CUST10412,Hyderabad,Telangana,Electronics,Laptop,1,48583.0,0.0,0.0,79,0.0,Mobile App,Credit Card,New Customer,Cancelled
ORD101958,2025-01-14,CUST10295,Chennai,Tamil Nadu,Home & Kitchen,Air Fryer,1,17627.0,0.15,2644.05,149,1050.39,Mobile App,Credit Card,New Customer,Returned
ORD100519,2025-01-15,CUST10364,Ahmedabad,Gujarat,Sports,Dumbbells,1,4824.0,0.1,482.4,49,4390.6,Website,UPI,New Customer,Delivered
ORD101001,2025-01-15,CUST10378,Bengaluru,Karnataka,Home & Kitchen,Air Fryer,2,5999.0,0.2,2399.6,0,0.0,Marketplace,Cash on Delivery,New Customer,Cancelled
ORD101076,2025-01-15,CUST10289,Mumbai,Maharashtra,Electronics,Smartwatch,1,60060.0,0.1,6006.0,79,8805.81,Website,Cash on Delivery,New Customer,Returned
ORD100180,2025-01-16,CUST10260,Ahmedabad,Gujarat,Electronics,Headphones,3,31909.0,0.0,0.0,79,95806.0,Marketplace,Wallet,Returning Customer,Delivered
ORD100784,2025-01-16,CUST10349,Ahmedabad,Gujarat,Electronics,Tablet,1,46962.0,0.0,0.0,0,46962.0,Mobile App,Cash on Delivery,Returning Customer,Delivered
ORD100947,2025-01-16,CUST10113,Kochi,Kerala,Home & Kitchen,Mixer,3,3660.0,0.0,0.0,0,0.0,Mobile App,Debit Card,Returning Customer,Cancelled
ORD101248,2025-01-16,CUST10104,Pune,Maharashtra,Fashion,Backpack,1,1243.0,0.0,0.0,0,1243.0,Website,Cash on Delivery,New Customer,Delivered
ORD101343,2025-01-16,CUST10166,Kochi,Kerala,Electronics,Headphones,1,7884.0,0.0,0.0,0,768.73,Marketplace,Wallet,New Customer,Returned
ORD101503,2025-01-16,CUST10024,Kolkata,West Bengal,Fashion,T-Shirt,1,8933.0,0.05,446.65,49,8535.35,Marketplace,Debit Card,Returning Customer,Delivered
ORD101719,2025-01-16,CUST10488,Kochi,Kerala,Sports,Dumbbells,2,7665.0,0.1,1533.0,0,13797.0,Website,Debit Card,New Customer,Delivered
ORD101818,2025-01-16,CUST10274,Chennai,Tamil Nadu,Beauty,Face Wash,3,5714.0,0.15,2571.3,49,14619.7,Mobile App,Debit Card,New Customer,Delivered
ORD100257,2025-01-17,CUST10474,Lucknow,Uttar Pradesh,Sports,Yoga Mat,1,6800.0,0.2,1360.0,49,5489.0,Mobile App,UPI,Returning Customer,Delivered
ORD100772,2025-01-17,CUST10097,Jaipur,Rajasthan,Fashion,Jacket,1,6331.0,0.1,633.1,0,5697.9,Mobile App,Credit Card,Returning Customer,Delivered
ORD101080,2025-01-17,CUST10518,Jaipur,Rajasthan,Electronics,Tablet,1,63972.0,0.0,0.0,49,15709.88,Mobile App,Wallet,New Customer,Returned
ORD101137,2025-01-17,CUST10415,Kolkata,West Bengal,Beauty,Hair Dryer,1,2812.0,0.0,0.0,0,402.47,Website,Credit Card,Returning Customer,Returned
ORD100831,2025-01-18,CUST10517,Bengaluru,Karnataka,Electronics,Headphones,1,26292.0,0.0,0.0,0,26292.0,Marketplace,UPI,New Customer,Delivered
ORD100919,2025-01-18,CUST10563,Mumbai,Maharashtra,Home & Kitchen,Vacuum Cleaner,1,7278.0,0.05,363.9,49,6963.1,Website,UPI,Returning Customer,Delivered
ORD101207,2025-01-18,CUST10485,Pune,Maharashtra,Electronics,Smartphone,1,31294.0,0.1,3129.4,0,2559.86,Mobile App,Credit Card,Returning Customer,Returned
ORD101456,2025-01-18,CUST10209,Delhi,Delhi,Fashion,Jeans,2,5225.0,0.05,522.5,99,10026.5,Website,Credit Card,Returning Customer,Delivered
ORD101602,2025-01-18,CUST10132,Kolkata,West Bengal,Home & Kitchen,Cookware Set,1,8892.0,0.0,0.0,0,0.0,Mobile App,Wallet,New Customer,Cancelled
ORD101675,2025-01-18,CUST10363,Delhi,Delhi,Sports,Cricket Bat,1,11136.0,0.0,0.0,99,11235.0,Marketplace,UPI,Returning Customer,Delivered
ORD100160,2025-01-19,CUST10111,Pune,Maharashtra,Fashion,Sneakers,1,1206.0,0.05,60.3,99,0.0,Website,Debit Card,Returning Customer,Cancelled
ORD100274,2025-01-19,CUST10499,Jaipur,Rajasthan,Fashion,T-Shirt,1,3942.0,0.1,394.2,0,3547.8,Mobile App,Debit Card,New Customer,Delivered
ORD100426,2025-01-19,CUST10267,Hyderabad,Telangana,Sports,Yoga Mat,2,9265.0,0.05,926.5,0,17603.5,Mobile App,Debit Card,Returning Customer,Delivered
ORD100446,2025-01-19,CUST10325,Bengaluru,Karnataka,Fashion,Jacket,1,2356.0,0.0,0.0,0,2356.0,Website,Credit Card,New Customer,Delivered
ORD100937,2025-01-19,CUST10142,Delhi,Delhi,Home & Kitchen,Air Fryer,1,11817.0,0.2,2363.4,99,0.0,Website,Credit Card,New Customer,Cancelled
ORD101561,2025-01-19,CUST10298,Indore,Madhya Pradesh,Beauty,Perfume,1,1348.0,0.05,67.4,79,1359.6,Website,Credit Card,New Customer,Delivered
ORD101927,2025-01-19,CUST10578,Bengaluru,Karnataka,Sports,Cricket Bat,2,11331.0,0.0,0.0,0,0.0,Mobile App,Net Banking,New Customer,Cancelled
ORD101989,2025-01-19,CUST10118,Jaipur,Rajasthan,Home & Kitchen,Coffee Maker,1,8569.0,0.15,1285.35,99,0.0,Website,UPI,New Customer,Cancelled
ORD100701,2025-01-20,CUST10566,Lucknow,Uttar Pradesh,Sports,Football,1,1316.0,0.0,0.0,79,1395.0,Website,Cash on Delivery,Returning Customer,Delivered
ORD100744,2025-01-20,CUST10221,Bengaluru,Karnataka,Sports,Yoga Mat,1,2075.0,0.05,103.75,0,0.0,Mobile App,UPI,Returning Customer,Cancelled
ORD101186,2025-01-20,CUST10033,Pune,Maharashtra,Electronics,Smartwatch,1,43936.0,0.1,4393.6,0,0.0,Website,UPI,Returning Customer,Cancelled
ORD101254,2025-01-20,CUST10245,Bengaluru,Karnataka,Electronics,Tablet,2,44825.0,0.0,0.0,99,89749.0,Mobile App,Credit Card,New Customer,Delivered
ORD101390,2025-01-20,CUST10167,Pune,Maharashtra,Home & Kitchen,Air Fryer,1,1600.0,0.15,240.0,49,1409.0,Mobile App,Debit Card,New Customer,Delivered
ORD101982,2025-01-20,CUST10239,Kochi,Kerala,Sports,Running Shoes,1,6560.0,0.05,328.0,99,6331.0,Mobile App,Credit Card,VIP,Delivered
ORD100679,2025-01-21,CUST10263,Chennai,Tamil Nadu,Home & Kitchen,Mixer,1,5249.0,0.15,787.35,0,4461.65,Marketplace,UPI,New Customer,Delivered
ORD100818,2025-01-21,CUST10562,Pune,Maharashtra,Home & Kitchen,Cookware Set,1,2964.0,0.05,148.2,49,2864.8,Website,Net Banking,New Customer,Delivered
ORD101109,2025-01-21,CUST10580,Ahmedabad,Gujarat,Sports,Dumbbells,1,2598.0,0.05,129.9,49,2517.1,Marketplace,UPI,VIP,Delivered
ORD101298,2025-01-21,CUST10006,Lucknow,Uttar Pradesh,Fashion,T-Shirt,1,578.0,0.0,0.0,0,578.0,Mobile App,Credit Card,New Customer,Delivered
ORD101516,2025-01-21,CUST10077,Kochi,Kerala,Fashion,Jeans,1,5175.0,0.2,1035.0,0,4140.0,Website,UPI,New Customer,Delivered
ORD101585,2025-01-21,CUST10446,Hyderabad,Telangana,Electronics,Headphones,1,58377.0,0.15,8756.55,49,49669.45,Website,UPI,New Customer,Delivered
ORD101969,2025-01-21,CUST10150,Kolkata,West Bengal,Electronics,Smartwatch,2,59639.0,0.2,23855.6,0,95422.4,Marketplace,Credit Card,New Customer,Delivered
ORD100019,2025-01-22,CUST10027,Indore,Madhya Pradesh,Fashion,Jacket,1,8768.0,0.0,0.0,99,8867.0,Mobile App,Credit Card,Returning Customer,Delivered
ORD100104,2025-01-22,CUST10021,Bengaluru,Karnataka,Home & Kitchen,Cookware Set,1,15691.0,0.2,3138.2,0,0.0,Marketplace,Cash on Delivery,VIP,Cancelled
ORD100559,2025-01-22,CUST10246,Pune,Maharashtra,Electronics,Smartphone,1,38648.0,0.0,0.0,0,5073.45,Mobile App,Net Banking,VIP,Returned
ORD100942,2025-01-22,CUST10207,Mumbai,Maharashtra,Home & Kitchen,Vacuum Cleaner,2,14715.0,0.0,0.0,79,29509.0,Website,Net Banking,New Customer,Delivered
ORD101055,2025-01-22,CUST10026,Ahmedabad,Gujarat,Electronics,Laptop,1,1711.0,0.0,0.0,0,220.18,Website,Cash on Delivery,Returning Customer,Returned
ORD101382,2025-01-22,CUST10267,Delhi,Delhi,Sports,Football,1,10853.0,0.0,0.0,79,10932.0,Website,Credit Card,Returning Customer,Delivered
ORD101519,2025-01-22,CUST10472,Kochi,Kerala,Home & Kitchen,Air Fryer,1,15545.0,0.0,0.0,49,15594.0,Marketplace,Credit Card,New Customer,Delivered
ORD101810,2025-01-22,CUST10246,Indore,Madhya Pradesh,Electronics,Smartphone,2,40437.0,0.0,0.0,79,14891.27,Mobile App,Credit Card,Returning Customer,Returned
ORD101824,2025-01-22,CUST10403,Delhi,Delhi,Fashion,Sneakers,1,5964.0,0.0,0.0,79,893.69,Marketplace,Net Banking,New Customer,Returned
ORD100580,2025-01-23,CUST10419,Chennai,Tamil Nadu,Beauty,Shampoo,1,2061.0,0.0,0.0,0,0.0,Mobile App,Net Banking,New Customer,Cancelled
ORD101529,2025-01-23,CUST10177,Hyderabad,Telangana,Fashion,Backpack,1,2085.0,0.2,417.0,0,1668.0,Marketplace,Net Banking,Returning Customer,Delivered
ORD101555,2025-01-23,CUST10092,Mumbai,Maharashtra,Sports,Dumbbells,1,11415.0,0.0,0.0,79,11494.0,Marketplace,UPI,New Customer,Delivered
ORD101805,2025-01-23,CUST10287,Chennai,Tamil Nadu,Sports,Football,1,11083.0,0.15,1662.45,49,1602.96,Website,Debit Card,Returning Customer,Returned
ORD100395,2025-01-24,CUST10562,Jaipur,Rajasthan,Beauty,Hair Dryer,1,3769.0,0.0,0.0,0,452.13,Mobile App,UPI,New Customer,Returned
ORD100481,2025-01-24,CUST10243,Jaipur,Rajasthan,Electronics,Tablet,1,49502.0,0.05,2475.1,149,47175.9,Website,UPI,Returning Customer,Delivered
ORD101050,2025-01-24,CUST10267,Hyderabad,Telangana,Fashion,Backpack,1,6240.0,0.15,936.0,49,5353.0,Mobile App,UPI,New Customer,Delivered
ORD101870,2025-01-24,CUST10128,Mumbai,Maharashtra,Home & Kitchen,Mixer,2,12013.0,0.0,0.0,49,0.0,Mobile App,Credit Card,New Customer,Cancelled
ORD100144,2025-01-25,CUST10173,Mumbai,Maharashtra,Electronics,Headphones,1,8529.0,0.0,0.0,49,8578.0,Mobile App,Wallet,Returning Customer,Delivered
ORD100374,2025-01-25,CUST10370,Hyderabad,Telangana,Fashion,Backpack,1,5711.0,0.0,0.0,49,0.0,Website,Net Banking,Returning Customer,Cancelled
ORD100642,2025-01-25,CUST10146,Kolkata,West Bengal,Sports,Football,1,4003.0,0.0,0.0,99,4102.0,Marketplace,Cash on Delivery,Returning Customer,Delivered
ORD100875,2025-01-25,CUST10478,Kochi,Kerala,Home & Kitchen,Mixer,1,14258.0,0.0,0.0,0,14258.0,Mobile App,UPI,Returning Customer,Delivered
ORD101173,2025-01-25,CUST10559,Indore,Madhya Pradesh,Beauty,Face Wash,2,3429.0,0.1,685.8,49,6221.2,Website,UPI,Returning Customer,Delivered
ORD101482,2025-01-25,CUST10569,Ahmedabad,Gujarat,Beauty,Shampoo,1,1092.0,0.1,109.2,0,982.8,Mobile App,Wallet,Returning Customer,Delivered
ORD100743,2025-01-26,CUST10419,Bengaluru,Karnataka,Electronics,Smartwatch,1,28725.0,0.0,0.0,0,28725.0,Website,UPI,New Customer,Delivered
ORD100882,2025-01-26,CUST10136,Pune,Maharashtra,Home & Kitchen,Cookware Set,1,6527.0,0.1,652.7,79,1456.01,Website,UPI,Returning Customer,Returned
ORD101367,2025-01-26,CUST10550,Mumbai,Maharashtra,Sports,Yoga Mat,1,9960.0,0.0,0.0,0,9960.0,Website,Net Banking,Returning Customer,Delivered
ORD101649,2025-01-26,CUST10435,Indore,Madhya Pradesh,Fashion,Jacket,1,1294.0,0.0,0.0,99,0.0,Mobile App,Credit Card,New Customer,Cancelled
ORD101682,2025-01-26,CUST10242,Mumbai,Maharashtra,Home & Kitchen,Cookware Set,1,2820.0,0.2,564.0,49,2305.0,Marketplace,Debit Card,New Customer,Delivered
ORD101728,2025-01-26,CUST10496,Delhi,Delhi,Electronics,Laptop,2,17069.0,0.0,0.0,49,0.0,Website,Cash on Delivery,Returning Customer,Cancelled
ORD101742,2025-01-26,CUST10268,Jaipur,Rajasthan,Beauty,Perfume,1,2498.0,0.0,0.0,0,2498.0,Mobile App,UPI,Returning Customer,Delivered
ORD101766,2025-01-26,CUST10339,Bengaluru,Karnataka,Home & Kitchen,Coffee Maker,1,16271.0,0.2,3254.2,149,1986.38,Mobile App,UPI,VIP,Returned
ORD101877,2025-01-26,CUST10267,Kochi,Kerala,Beauty,Shampoo,2,2500.0,0.0,0.0,0,5000.0,Website,UPI,Returning Customer,Delivered
ORD100338,2025-01-27,CUST10224,Hyderabad,Telangana,Electronics,Tablet,2,35899.0,0.1,7179.8,0,64618.2,Mobile App,UPI,New Customer,Delivered
ORD100619,2025-01-27,CUST10237,Mumbai,Maharashtra,Home & Kitchen,Coffee Maker,1,12078.0,0.0,0.0,0,12078.0,Website,UPI,VIP,Delivered
ORD100892,2025-01-27,CUST10351,Kochi,Kerala,Fashion,Jacket,1,572.0,0.05,28.6,0,543.4,Website,UPI,New Customer,Delivered
ORD101017,2025-01-27,CUST10544,Indore,Madhya Pradesh,Beauty,Hair Dryer,1,5144.0,0.05,257.2,0,4886.8,Website,Cash on Delivery,Returning Customer,Delivered
ORD101081,2025-01-27,CUST10186,Indore,Madhya Pradesh,Sports,Running Shoes,1,5502.0,0.05,275.1,0,0.0,Marketplace,Cash on Delivery,New Customer,Cancelled
ORD101087,2025-01-27,CUST10449,Ahmedabad,Gujarat,Electronics,Headphones,2,24566.0,0.0,0.0,149,0.0,Marketplace,Debit Card,New Customer,Cancelled
ORD101777,2025-01-27,CUST10083,Ahmedabad,Gujarat,Sports,Cricket Bat,1,2907.0,0.1,290.7,49,0.0,Website,UPI,Returning Customer,Cancelled
ORD100313,2025-01-28,CUST10177,Kolkata,West Bengal,Fashion,Sneakers,2,8546.0,0.15,2563.8,79,14607.2,Website,Wallet,New Customer,Delivered
ORD100586,2025-01-28,CUST10142,Lucknow,Uttar Pradesh,Sports,Football,1,6226.0,0.0,0.0,99,6325.0,Mobile App,UPI,Returning Customer,Delivered
ORD100627,2025-01-28,CUST10586,Bengaluru,Karnataka,Electronics,Tablet,1,30868.0,0.0,0.0,0,30868.0,Mobile App,Debit Card,New Customer,Delivered
ORD100837,2025-01-28,CUST10245,Lucknow,Uttar Pradesh,Fashion,T-Shirt,2,6787.0,0.0,0.0,49,13623.0,Marketplace,Credit Card,VIP,Delivered
ORD100876,2025-01-28,CUST10006,Chennai,Tamil Nadu,Home & Kitchen,Cookware Set,1,11027.0,0.05,551.35,49,10524.65,Mobile App,Credit Card,VIP,Delivered
ORD101088,2025-01-28,CUST10088,Chennai,Tamil Nadu,Home & Kitchen,Cookware Set,3,1758.0,0.0,0.0,0,5274.0,Website,UPI,Returning Customer,Delivered
ORD100080,2025-01-29,CUST10042,Lucknow,Uttar Pradesh,Home & Kitchen,Cookware Set,1,5265.0,0.0,0.0,149,0.0,Mobile App,UPI,Returning Customer,Cancelled
ORD100678,2025-01-29,CUST10456,Lucknow,Uttar Pradesh,Electronics,Smartwatch,1,48613.0,0.0,0.0,0,0.0,Marketplace,UPI,Returning Customer,Cancelled
ORD100804,2025-01-29,CUST10559,Lucknow,Uttar Pradesh,Electronics,Smartwatch,1,34743.0,0.0,0.0,0,34743.0,Marketplace,Debit Card,New Customer,Delivered
ORD101030,2025-01-29,CUST10506,Jaipur,Rajasthan,Electronics,Headphones,1,53476.0,0.0,0.0,149,53625.0,Website,UPI,VIP,Delivered
ORD101153,2025-01-29,CUST10109,Kolkata,West Bengal,Fashion,Jacket,1,3683.0,0.0,0.0,99,3782.0,Website,UPI,Returning Customer,Delivered
ORD101167,2025-01-29,CUST10366,Bengaluru,Karnataka,Electronics,Smartphone,2,14323.0,0.0,0.0,49,28695.0,Website,Cash on Delivery,New Customer,Delivered
ORD101003,2025-01-30,CUST10279,Hyderabad,Telangana,Electronics,Laptop,1,29919.0,0.0,0.0,49,29968.0,Marketplace,Cash on Delivery,Returning Customer,Delivered
ORD101378,2025-01-30,CUST10203,Jaipur,Rajasthan,Beauty,Perfume,2,2404.0,0.0,0.0,49,4857.0,Website,Credit Card,New Customer,Delivered
ORD101605,2025-01-30,CUST10253,Hyderabad,Telangana,Sports,Football,1,550.0,0.2,110.0,149,589.0,Marketplace,Debit Card,New Customer,Delivered
ORD101811,2025-01-30,CUST10382,Hyderabad,Telangana,Electronics,Headphones,1,27341.0,0.0,0.0,0,0.0,Mobile App,Credit Card,New Customer,Cancelled
ORD100799,2025-01-31,CUST10548,Chennai,Tamil Nadu,Electronics,Laptop,2,43340.0,0.0,0.0,79,0.0,Mobile App,Credit Card,Returning Customer,Cancelled
ORD100836,2025-01-31,CUST10411,Lucknow,Uttar Pradesh,Electronics,Tablet,2,12534.0,0.0,0.0,79,6239.13,Mobile App,Net Banking,New Customer,Returned
ORD101032,2025-01-31,CUST10573,Jaipur,Rajasthan,Home & Kitchen,Vacuum Cleaner,1,11373.0,0.05,568.65,99,10903.35,Website,UPI,Returning Customer,Delivered
ORD101282,2025-01-31,CUST10521,Kolkata,West Bengal,Electronics,Tablet,1,17692.0,0.15,2653.8,79,15117.2,Marketplace,UPI,New Customer,Delivered
ORD101348,2025-01-31,CUST10500,Ahmedabad,Gujarat,Sports,Cricket Bat,1,6601.0,0.0,0.0,0,6601.0,Marketplace,Debit Card,Returning Customer,Delivered
ORD101383,2025-01-31,CUST10302,Chennai,Tamil Nadu,Sports,Dumbbells,2,6243.0,0.0,0.0,0,12486.0,Website,Debit Card,Returning Customer,Delivered
ORD101432,2025-01-31,CUST10391,Bengaluru,Karnataka,Home & Kitchen,Vacuum Cleaner,1,14868.0,0.0,0.0,99,3134.01,Website,UPI,VIP,Returned
ORD101784,2025-01-31,CUST10524,Bengaluru,Karnataka,Home & Kitchen,Mixer,1,15205.0,0.0,0.0,149,15354.0,Website,UPI,VIP,Delivered
ORD101804,2025-01-31,CUST10369,Chennai,Tamil Nadu,Fashion,Backpack,3,1451.0,0.05,217.65,99,0.0,Website,UPI,New Customer,Cancelled
ORD100302,2025-02-01,CUST10447,Jaipur,Rajasthan,Electronics,Tablet,2,24585.0,0.0,0.0,49,49219.0,Mobile App,Debit Card,Returning Customer,Delivered
ORD101072,2025-02-01,CUST10249,Pune,Maharashtra,Fashion,Jacket,1,6864.0,0.0,0.0,79,1366.47,Mobile App,UPI,New Customer,Returned
ORD101847,2025-02-01,CUST10089,Ahmedabad,Gujarat,Fashion,Backpack,1,2910.0,0.0,0.0,149,3059.0,Website,UPI,New Customer,Delivered
ORD101920,2025-02-01,CUST10573,Indore,Madhya Pradesh,Electronics,Smartwatch,1,52461.0,0.05,2623.05,79,49916.95,Marketplace,UPI,Returning Customer,Delivered
ORD101987,2025-02-01,CUST10463,Kochi,Kerala,Fashion,Backpack,1,3009.0,0.0,0.0,99,3108.0,Website,Credit Card,New Customer,Delivered
ORD100031,2025-02-02,CUST10168,Kochi,Kerala,Fashion,Sneakers,1,5092.0,0.2,1018.4,49,4122.6,Marketplace,UPI,New Customer,Delivered
ORD100365,2025-02-02,CUST10541,Chennai,Tamil Nadu,Fashion,Backpack,1,7159.0,0.05,357.95,0,457.21,Website,UPI,Returning Customer,Returned
ORD101011,2025-02-02,CUST10565,Ahmedabad,Gujarat,Electronics,Headphones,1,35944.0,0.0,0.0,99,36043.0,Mobile App,UPI,New Customer,Delivered
ORD101469,2025-02-02,CUST10375,Bengaluru,Karnataka,Electronics,Laptop,1,1118.0,0.05,55.9,49,1111.1,Mobile App,Wallet,New Customer,Delivered
ORD101515,2025-02-02,CUST10098,Kochi,Kerala,Electronics,Tablet,1,19744.0,0.15,2961.6,0,16782.4,Mobile App,Debit Card,Returning Customer,Delivered
ORD101974,2025-02-02,CUST10312,Chennai,Tamil Nadu,Sports,Football,2,10335.0,0.05,1033.5,49,19685.5,Website,UPI,VIP,Delivered
ORD100694,2025-02-03,CUST10252,Chennai,Tamil Nadu,Home & Kitchen,Mixer,2,14689.0,0.2,5875.6,149,0.0,Mobile App,Credit Card,New Customer,Cancelled
ORD101170,2025-02-03,CUST10120,Kolkata,West Bengal,Sports,Running Shoes,1,5195.0,0.0,0.0,0,5195.0,Website,Credit Card,Returning Customer,Delivered
ORD101324,2025-02-03,CUST10409,Jaipur,Rajasthan,Fashion,Jacket,1,8408.0,0.1,840.8,79,7646.2,Marketplace,Credit Card,Returning Customer,Delivered
ORD101413,2025-02-03,CUST10023,Kochi,Kerala,Fashion,Jeans,3,1520.0,0.0,0.0,49,520.27,Mobile App,UPI,New Customer,Returned
ORD101573,2025-02-03,CUST10397,Hyderabad,Telangana,Sports,Cricket Bat,1,8098.0,0.0,0.0,79,8177.0,Mobile App,Credit Card,Returning Customer,Delivered
ORD101756,2025-02-03,CUST10365,Pune,Maharashtra,Home & Kitchen,Coffee Maker,1,1167.0,0.15,175.05,0,173.62,Marketplace,Cash on Delivery,New Customer,Returned
ORD100375,2025-02-04,CUST10563,Mumbai,Maharashtra,Fashion,Sneakers,1,6311.0,0.2,1262.2,79,5127.8,Mobile App,Debit Card,New Customer,Delivered
ORD100550,2025-02-04,CUST10229,Kochi,Kerala,Beauty,Face Wash,2,4686.0,0.15,1405.8,99,8065.2,Website,Net Banking,Returning Customer,Delivered
ORD100923,2025-02-04,CUST10055,Delhi,Delhi,Beauty,Face Wash,2,4879.0,0.0,0.0,0,9758.0,Website,Debit Card,Returning Customer,Delivered
ORD101071,2025-02-04,CUST10163,Kochi,Kerala,Electronics,Laptop,1,49781.0,0.1,4978.1,0,0.0,Mobile App,Credit Card,New Customer,Cancelled
ORD101514,2025-02-04,CUST10537,Jaipur,Rajasthan,Home & Kitchen,Mixer,1,14492.0,0.0,0.0,0,0.0,Mobile App,UPI,New Customer,Cancelled
ORD101601,2025-02-04,CUST10037,Indore,Madhya Pradesh,Electronics,Smartphone,1,56290.0,0.0,0.0,0,56290.0,Website,Debit Card,Returning Customer,Delivered
ORD101709,2025-02-04,CUST10027,Kolkata,West Bengal,Electronics,Tablet,1,15501.0,0.15,2325.15,79,13254.85,Marketplace,Cash on Delivery,New Customer,Delivered
ORD101822,2025-02-04,CUST10550,Chennai,Tamil Nadu,Electronics,Smartphone,1,41072.0,0.15,6160.8,49,0.0,Mobile App,Debit Card,Returning Customer,Cancelled
ORD100484,2025-02-05,CUST10534,Pune,Maharashtra,Home & Kitchen,Air Fryer,1,2332.0,0.0,0.0,99,2431.0,Mobile App,Net Banking,Returning Customer,Delivered
ORD100786,2025-02-05,CUST10282,Kochi,Kerala,Electronics,Headphones,2,17331.0,0.0,0.0,0,2696.43,Mobile App,Cash on Delivery,New Customer,Returned
ORD100999,2025-02-05,CUST10058,Pune,Maharashtra,Electronics,Smartwatch,2,12820.0,0.15,3846.0,0,1807.77,Mobile App,Credit Card,VIP,Returned
ORD101570,2025-02-05,CUST10046,Mumbai,Maharashtra,Home & Kitchen,Air Fryer,1,14976.0,0.15,2246.4,99,12828.6,Mobile App,Credit Card,Returning Customer,Delivered
ORD101730,2025-02-05,CUST10178,Delhi,Delhi,Electronics,Tablet,1,27942.0,0.1,2794.2,0,25147.8,Mobile App,Cash on Delivery,New Customer,Delivered
ORD100540,2025-02-06,CUST10337,Ahmedabad,Gujarat,Fashion,Sneakers,2,4070.0,0.05,407.0,79,7812.0,Marketplace,UPI,Returning Customer,Delivered
ORD100568,2025-02-06,CUST10381,Jaipur,Rajasthan,Electronics,Tablet,2,48651.0,0.0,0.0,49,11436.0,Marketplace,Cash on Delivery,Returning Customer,Returned
ORD101334,2025-02-06,CUST10525,Kolkata,West Bengal,Home & Kitchen,Coffee Maker,2,11566.0,0.0,0.0,49,23181.0,Website,Credit Card,New Customer,Delivered
ORD101797,2025-02-06,CUST10270,Pune,Maharashtra,Electronics,Tablet,1,44815.0,0.0,0.0,0,44815.0,Mobile App,Debit Card,New Customer,Delivered
ORD101906,2025-02-06,CUST10264,Hyderabad,Telangana,Fashion,Backpack,1,2751.0,0.0,0.0,0,2751.0,Marketplace,Credit Card,New Customer,Delivered
ORD101985,2025-02-06,CUST10251,Indore,Madhya Pradesh,Sports,Cricket Bat,1,7103.0,0.2,1420.6,49,5731.4,Marketplace,UPI,New Customer,Delivered
ORD100061,2025-02-07,CUST10334,Indore,Madhya Pradesh,Electronics,Smartphone,1,23132.0,0.2,4626.4,99,18604.6,Marketplace,Wallet,New Customer,Delivered
ORD100381,2025-02-07,CUST10355,Chennai,Tamil Nadu,Home & Kitchen,Air Fryer,1,6077.0,0.0,0.0,0,0.0,Website,UPI,Returning Customer,Cancelled
ORD100456,2025-02-07,CUST10547,Ahmedabad,Gujarat,Home & Kitchen,Cookware Set,1,10671.0,0.1,1067.1,0,9603.9,Mobile App,Credit Card,Returning Customer,Delivered
ORD100615,2025-02-07,CUST10158,Jaipur,Rajasthan,Beauty,Face Wash,1,851.0,0.15,127.65,49,772.35,Marketplace,Wallet,VIP,Delivered
ORD100672,2025-02-07,CUST10190,Kolkata,West Bengal,Electronics,Laptop,2,34767.0,0.1,6953.4,99,6193.55,Marketplace,UPI,New Customer,Returned
ORD101352,2025-02-07,CUST10381,Lucknow,Uttar Pradesh,Fashion,Jeans,1,8145.0,0.0,0.0,79,0.0,Website,Wallet,New Customer,Cancelled
ORD101391,2025-02-07,CUST10567,Ahmedabad,Gujarat,Home & Kitchen,Air Fryer,1,10681.0,0.0,0.0,49,0.0,Website,Credit Card,New Customer,Cancelled
ORD101914,2025-02-07,CUST10343,Delhi,Delhi,Home & Kitchen,Cookware Set,1,10805.0,0.0,0.0,79,10884.0,Website,Debit Card,Returning Customer,Delivered
ORD100304,2025-02-08,CUST10053,Kochi,Kerala,Sports,Dumbbells,2,9028.0,0.0,0.0,0,18056.0,Website,UPI,New Customer,Delivered
ORD100384,2025-02-08,CUST10381,Indore,Madhya Pradesh,Electronics,Smartphone,1,50383.0,0.1,5038.3,49,45393.7,Marketplace,UPI,Returning Customer,Delivered
ORD100471,2025-02-08,CUST10123,Hyderabad,Telangana,Electronics,Smartphone,3,63431.0,0.0,0.0,99,190392.0,Mobile App,UPI,Returning Customer,Delivered
ORD100510,2025-02-08,CUST10498,Lucknow,Uttar Pradesh,Home & Kitchen,Coffee Maker,3,16557.0,0.1,4967.1,0,44703.9,Website,Debit Card,VIP,Delivered
ORD101484,2025-02-08,CUST10293,Pune,Maharashtra,Sports,Football,1,8557.0,0.2,1711.4,79,6924.6,Website,Credit Card,Returning Customer,Delivered
ORD101545,2025-02-08,CUST10265,Ahmedabad,Gujarat,Home & Kitchen,Air Fryer,1,2441.0,0.1,244.1,79,2275.9,Mobile App,Cash on Delivery,Returning Customer,Delivered
ORD101563,2025-02-08,CUST10097,Lucknow,Uttar Pradesh,Home & Kitchen,Coffee Maker,1,13287.0,0.0,0.0,49,13336.0,Mobile App,UPI,VIP,Delivered
ORD101769,2025-02-08,CUST10491,Hyderabad,Telangana,Beauty,Moisturizer,2,3017.0,0.1,603.4,0,0.0,Mobile App,Wallet,New Customer,Cancelled
ORD101997,2025-02-08,CUST10150,Kochi,Kerala,Sports,Cricket Bat,1,2228.0,0.0,0.0,0,2228.0,Website,UPI,New Customer,Delivered
ORD100116,2025-02-09,CUST10526,Delhi,Delhi,Electronics,Tablet,2,15861.0,0.1,3172.2,49,2457.68,Marketplace,UPI,Returning Customer,Returned
ORD100496,2025-02-09,CUST10167,Ahmedabad,Gujarat,Home & Kitchen,Air Fryer,1,8118.0,0.05,405.9,0,0.0,Mobile App,UPI,VIP,Cancelled
ORD100982,2025-02-09,CUST10466,Ahmedabad,Gujarat,Beauty,Shampoo,2,653.0,0.1,130.6,79,80.62,Mobile App,Credit Card,New Customer,Returned
ORD100987,2025-02-09,CUST10533,Delhi,Delhi,Electronics,Headphones,1,11261.0,0.0,0.0,49,11310.0,Marketplace,Credit Card,New Customer,Delivered
ORD101434,2025-02-09,CUST10310,Lucknow,Uttar Pradesh,Beauty,Hair Dryer,1,2808.0,0.0,0.0,99,2907.0,Website,UPI,VIP,Delivered
ORD101639,2025-02-09,CUST10497,Ahmedabad,Gujarat,Sports,Cricket Bat,2,8737.0,0.05,873.7,99,16699.3,Marketplace,UPI,New Customer,Delivered
ORD101775,2025-02-09,CUST10333,Kolkata,West Bengal,Fashion,Jeans,1,6107.0,0.1,610.7,79,5575.3,Mobile App,Wallet,Returning Customer,Delivered
ORD101252,2025-02-10,CUST10348,Hyderabad,Telangana,Fashion,Jeans,2,4719.0,0.05,471.9,0,8966.1,Marketplace,UPI,Returning Customer,Delivered
ORD101787,2025-02-10,CUST10586,Indore,Madhya Pradesh,Beauty,Shampoo,1,5770.0,0.0,0.0,49,5819.0,Marketplace,UPI,Returning Customer,Delivered
ORD101991,2025-02-10,CUST10185,Indore,Madhya Pradesh,Beauty,Hair Dryer,1,1065.0,0.0,0.0,0,0.0,Website,Credit Card,New Customer,Cancelled
ORD100151,2025-02-11,CUST10425,Pune,Maharashtra,Fashion,Backpack,2,8072.0,0.2,3228.8,99,13014.2,Mobile App,Credit Card,New Customer,Delivered
ORD100345,2025-02-11,CUST10363,Pune,Maharashtra,Fashion,T-Shirt,1,5994.0,0.0,0.0,0,5994.0,Website,Wallet,New Customer,Delivered
ORD100356,2025-02-11,CUST10369,Lucknow,Uttar Pradesh,Fashion,Sneakers,2,758.0,0.0,0.0,79,270.7,Mobile App,Cash on Delivery,Returning Customer,Returned
ORD100845,2025-02-11,CUST10485,Jaipur,Rajasthan,Electronics,Headphones,1,58963.0,0.15,8844.45,0,50118.55,Website,Debit Card,Returning Customer,Delivered
ORD100263,2025-02-12,CUST10151,Jaipur,Rajasthan,Electronics,Smartwatch,1,16262.0,0.1,1626.2,0,14635.8,Website,Wallet,New Customer,Delivered
ORD101403,2025-02-12,CUST10307,Bengaluru,Karnataka,Electronics,Smartphone,1,2293.0,0.1,229.3,0,2063.7,Mobile App,UPI,New Customer,Delivered
ORD101953,2025-02-12,CUST10097,Chennai,Tamil Nadu,Beauty,Moisturizer,1,4492.0,0.0,0.0,0,0.0,Marketplace,UPI,Returning Customer,Cancelled
ORD100177,2025-02-13,CUST10379,Kolkata,West Bengal,Electronics,Headphones,1,32709.0,0.0,0.0,79,32788.0,Website,Net Banking,VIP,Delivered
ORD100879,2025-02-13,CUST10023,Pune,Maharashtra,Fashion,T-Shirt,1,3835.0,0.05,191.75,49,3692.25,Mobile App,UPI,New Customer,Delivered
ORD101313,2025-02-13,CUST10531,Ahmedabad,Gujarat,Electronics,Laptop,1,39939.0,0.1,3993.9,79,36024.1,Website,UPI,Returning Customer,Delivered
ORD101392,2025-02-13,CUST10485,Pune,Maharashtra,Home & Kitchen,Air Fryer,1,16978.0,0.2,3395.6,99,13681.4,Mobile App,Cash on Delivery,Returning Customer,Delivered
ORD101402,2025-02-13,CUST10077,Chennai,Tamil Nadu,Fashion,Sneakers,1,1911.0,0.0,0.0,99,0.0,Mobile App,Debit Card,Returning Customer,Cancelled
ORD101486,2025-02-13,CUST10341,Delhi,Delhi,Electronics,Laptop,1,57101.0,0.0,0.0,0,57101.0,Website,Net Banking,New Customer,Delivered
ORD101926,2025-02-13,CUST10385,Kolkata,West Bengal,Fashion,Backpack,1,2306.0,0.0,0.0,0,2306.0,Website,Credit Card,Returning Customer,Delivered
ORD101929,2025-02-13,CUST10284,Pune,Maharashtra,Electronics,Smartphone,2,51336.0,0.0,0.0,49,102721.0,Mobile App,Credit Card,Returning Customer,Delivered
ORD100216,2025-02-14,CUST10380,Delhi,Delhi,Fashion,Backpack,3,4894.0,0.0,0.0,0,14682.0,Mobile App,UPI,New Customer,Delivered
ORD100328,2025-02-14,CUST10313,Chennai,Tamil Nadu,Electronics,Headphones,2,3929.0,0.0,0.0,49,0.0,Website,UPI,New Customer,Cancelled
ORD100370,2025-02-14,CUST10327,Hyderabad,Telangana,Home & Kitchen,Air Fryer,1,9608.0,0.2,1921.6,0,1859.79,Website,UPI,New Customer,Returned
ORD100714,2025-02-14,CUST10176,Hyderabad,Telangana,Electronics,Headphones,1,27463.0,0.0,0.0,79,6802.64,Website,Net Banking,Returning Customer,Returned
ORD101941,2025-02-14,CUST10474,Pune,Maharashtra,Fashion,Jacket,1,4806.0,0.0,0.0,149,486.88,Mobile App,UPI,New Customer,Returned
ORD100109,2025-02-15,CUST10242,Chennai,Tamil Nadu,Electronics,Smartwatch,1,32779.0,0.05,1638.95,79,31219.05,Website,Credit Card,New Customer,Delivered
ORD100186,2025-02-15,CUST10507,Delhi,Delhi,Fashion,Sneakers,1,7835.0,0.05,391.75,49,1576.9,Mobile App,UPI,Returning Customer,Returned
ORD100589,2025-02-15,CUST10564,Lucknow,Uttar Pradesh,Home & Kitchen,Vacuum Cleaner,1,11746.0,0.15,1761.9,0,0.0,Mobile App,UPI,New Customer,Cancelled
ORD100749,2025-02-15,CUST10046,Kolkata,West Bengal,Electronics,Smartphone,3,27711.0,0.05,4156.65,0,11937.15,Mobile App,UPI,Returning Customer,Returned
ORD101144,2025-02-15,CUST10311,Mumbai,Maharashtra,Fashion,T-Shirt,1,3384.0,0.05,169.2,99,697.84,Website,Debit Card,Returning Customer,Returned
ORD101245,2025-02-15,CUST10371,Chennai,Tamil Nadu,Home & Kitchen,Vacuum Cleaner,2,12033.0,0.1,2406.6,149,0.0,Mobile App,Credit Card,New Customer,Cancelled
ORD101762,2025-02-15,CUST10032,Mumbai,Maharashtra,Sports,Dumbbells,1,6337.0,0.0,0.0,0,6337.0,Mobile App,Net Banking,Returning Customer,Delivered
ORD100041,2025-02-16,CUST10471,Chennai,Tamil Nadu,Fashion,Jacket,1,6383.0,0.0,0.0,79,819.64,Website,UPI,VIP,Returned
ORD100416,2025-02-16,CUST10247,Delhi,Delhi,Electronics,Smartwatch,2,3890.0,0.0,0.0,49,0.0,Mobile App,Wallet,Returning Customer,Cancelled
ORD100861,2025-02-16,CUST10228,Mumbai,Maharashtra,Home & Kitchen,Air Fryer,2,3485.0,0.0,0.0,79,7049.0,Mobile App,UPI,Returning Customer,Delivered
ORD101318,2025-02-16,CUST10133,Jaipur,Rajasthan,Electronics,Tablet,1,39441.0,0.05,1972.05,0,37468.95,Mobile App,Cash on Delivery,New Customer,Delivered
ORD101504,2025-02-16,CUST10162,Delhi,Delhi,Home & Kitchen,Vacuum Cleaner,1,15449.0,0.2,3089.8,0,12359.2,Website,UPI,Returning Customer,Delivered
ORD101700,2025-02-16,CUST10022,Ahmedabad,Gujarat,Electronics,Headphones,2,2188.0,0.0,0.0,0,4376.0,Mobile App,Wallet,VIP,Delivered
ORD100278,2025-02-17,CUST10335,Mumbai,Maharashtra,Fashion,Jeans,1,761.0,0.0,0.0,0,761.0,Website,Debit Card,New Customer,Delivered
ORD100720,2025-02-17,CUST10179,Kochi,Kerala,Fashion,Backpack,1,4557.0,0.0,0.0,49,0.0,Mobile App,Cash on Delivery,Returning Customer,Cancelled
ORD100753,2025-02-17,CUST10562,Delhi,Delhi,Beauty,Perfume,1,3919.0,0.05,195.95,49,3772.05,Mobile App,Net Banking,VIP,Delivered
ORD100859,2025-02-17,CUST10576,Mumbai,Maharashtra,Fashion,Jacket,1,689.0,0.1,68.9,49,669.1,Marketplace,Credit Card,New Customer,Delivered
ORD101048,2025-02-17,CUST10463,Delhi,Delhi,Beauty,Hair Dryer,1,3286.0,0.0,0.0,0,3286.0,Website,UPI,New Customer,Delivered
ORD101354,2025-02-17,CUST10533,Delhi,Delhi,Electronics,Smartwatch,2,57023.0,0.0,0.0,0,15160.14,Website,Debit Card,New Customer,Returned
ORD101656,2025-02-17,CUST10264,Kolkata,West Bengal,Electronics,Laptop,2,24097.0,0.0,0.0,79,48273.0,Website,Debit Card,New Customer,Delivered
ORD100072,2025-02-18,CUST10063,Delhi,Delhi,Fashion,Jacket,1,8665.0,0.0,0.0,49,8714.0,Marketplace,Credit Card,Returning Customer,Delivered
ORD100169,2025-02-18,CUST10313,Hyderabad,Telangana,Sports,Football,1,11280.0,0.1,1128.0,79,2001.06,Website,UPI,New Customer,Returned
ORD100194,2025-02-18,CUST10341,Pune,Maharashtra,Fashion,Backpack,1,2284.0,0.0,0.0,0,2284.0,Mobile App,UPI,New Customer,Delivered
ORD100233,2025-02-18,CUST10242,Jaipur,Rajasthan,Fashion,Sneakers,2,3301.0,0.1,660.2,49,5990.8,Mobile App,Wallet,Returning Customer,Delivered
ORD100682,2025-02-18,CUST10578,Ahmedabad,Gujarat,Electronics,Headphones,2,14159.0,0.0,0.0,0,28318.0,Mobile App,Cash on Delivery,New Customer,Delivered
ORD100863,2025-02-18,CUST10125,Hyderabad,Telangana,Beauty,Hair Dryer,1,932.0,0.05,46.6,149,0.0,Website,Debit Card,New Customer,Cancelled
ORD101008,2025-02-18,CUST10408,Lucknow,Uttar Pradesh,Sports,Football,1,10352.0,0.05,517.6,49,9883.4,Website,Credit Card,New Customer,Delivered
ORD101204,2025-02-18,CUST10145,Lucknow,Uttar Pradesh,Electronics,Headphones,1,14166.0,0.2,2833.2,0,11332.8,Website,Credit Card,Returning Customer,Delivered
ORD101306,2025-02-18,CUST10239,Kolkata,West Bengal,Fashion,Backpack,1,7166.0,0.15,1074.9,0,6091.1,Mobile App,Credit Card,New Customer,Delivered
ORD101335,2025-02-18,CUST10376,Lucknow,Uttar Pradesh,Fashion,Sneakers,1,5185.0,0.0,0.0,49,5234.0,Website,UPI,New Customer,Delivered
ORD101666,2025-02-18,CUST10081,Mumbai,Maharashtra,Fashion,Jeans,1,5322.0,0.0,0.0,79,894.89,Mobile App,Cash on Delivery,Returning Customer,Returned
ORD101771,2025-02-18,CUST10363,Pune,Maharashtra,Fashion,Jacket,1,8087.0,0.15,1213.05,0,1152.91,Website,UPI,Returning Customer,Returned
ORD100822,2025-02-19,CUST10538,Lucknow,Uttar Pradesh,Fashion,Backpack,2,2641.0,0.0,0.0,0,5282.0,Website,UPI,New Customer,Delivered
ORD101307,2025-02-19,CUST10412,Bengaluru,Karnataka,Electronics,Smartphone,3,53193.0,0.1,15957.9,0,22547.56,Website,UPI,VIP,Returned
ORD101955,2025-02-19,CUST10440,Ahmedabad,Gujarat,Home & Kitchen,Air Fryer,1,643.0,0.1,64.3,0,42.83,Mobile App,UPI,Returning Customer,Returned
ORD101970,2025-02-19,CUST10142,Lucknow,Uttar Pradesh,Beauty,Shampoo,2,1826.0,0.0,0.0,49,848.2,Mobile App,Credit Card,VIP,Returned
ORD100763,2025-02-20,CUST10196,Mumbai,Maharashtra,Fashion,Sneakers,1,4988.0,0.0,0.0,99,5087.0,Marketplace,Credit Card,New Customer,Delivered
ORD100994,2025-02-20,CUST10508,Indore,Madhya Pradesh,Fashion,Sneakers,1,4249.0,0.1,424.9,79,3903.1,Website,UPI,New Customer,Delivered
ORD101357,2025-02-20,CUST10089,Indore,Madhya Pradesh,Beauty,Shampoo,1,2538.0,0.0,0.0,0,2538.0,Mobile App,Credit Card,VIP,Delivered
ORD101470,2025-02-20,CUST10494,Kochi,Kerala,Sports,Yoga Mat,1,7608.0,0.0,0.0,49,7657.0,Website,Net Banking,New Customer,Delivered
ORD101648,2025-02-20,CUST10325,Chennai,Tamil Nadu,Sports,Football,2,4735.0,0.1,947.0,0,0.0,Website,Net Banking,New Customer,Cancelled
ORD100933,2025-02-21,CUST10321,Lucknow,Uttar Pradesh,Electronics,Headphones,1,8566.0,0.2,1713.2,49,6901.8,Mobile App,UPI,Returning Customer,Delivered
ORD101564,2025-02-21,CUST10104,Mumbai,Maharashtra,Electronics,Smartwatch,1,9628.0,0.15,1444.2,79,0.0,Marketplace,Credit Card,Returning Customer,Cancelled
ORD101690,2025-02-21,CUST10078,Chennai,Tamil Nadu,Sports,Cricket Bat,2,2742.0,0.1,548.4,0,4935.6,Mobile App,UPI,Returning Customer,Delivered
ORD101740,2025-02-21,CUST10177,Chennai,Tamil Nadu,Home & Kitchen,Air Fryer,2,8545.0,0.0,0.0,0,17090.0,Mobile App,Wallet,New Customer,Delivered
ORD100005,2025-02-22,CUST10015,Delhi,Delhi,Fashion,Backpack,1,8701.0,0.05,435.05,0,0.0,Website,UPI,Returning Customer,Cancelled
ORD100219,2025-02-22,CUST10012,Bengaluru,Karnataka,Electronics,Smartwatch,2,36226.0,0.05,3622.6,0,68829.4,Mobile App,UPI,New Customer,Delivered
ORD101493,2025-02-22,CUST10376,Kochi,Kerala,Fashion,Backpack,1,1951.0,0.0,0.0,79,2030.0,Mobile App,Credit Card,New Customer,Delivered
ORD101670,2025-02-22,CUST10486,Jaipur,Rajasthan,Home & Kitchen,Mixer,1,12268.0,0.0,0.0,0,1918.24,Marketplace,Net Banking,Returning Customer,Returned
ORD100094,2025-02-23,CUST10490,Hyderabad,Telangana,Beauty,Hair Dryer,3,5332.0,0.2,3199.2,149,0.0,Mobile App,Credit Card,VIP,Cancelled
ORD100213,2025-02-23,CUST10547,Mumbai,Maharashtra,Sports,Cricket Bat,1,7774.0,0.05,388.7,99,7484.3,Website,Wallet,New Customer,Delivered
ORD100359,2025-02-23,CUST10273,Lucknow,Uttar Pradesh,Fashion,T-Shirt,1,1060.0,0.0,0.0,0,1060.0,Website,UPI,VIP,Delivered
ORD101587,2025-02-23,CUST10174,Kochi,Kerala,Fashion,Backpack,2,745.0,0.0,0.0,149,1639.0,Marketplace,Debit Card,Returning Customer,Delivered
ORD101727,2025-02-23,CUST10524,Chennai,Tamil Nadu,Fashion,Sneakers,1,6093.0,0.0,0.0,149,6242.0,Website,UPI,VIP,Delivered
ORD100002,2025-02-24,CUST10167,Kochi,Kerala,Electronics,Headphones,3,30713.0,0.15,13820.85,79,78397.15,Website,Wallet,Returning Customer,Delivered
ORD101948,2025-02-24,CUST10226,Bengaluru,Karnataka,Sports,Football,2,3406.0,0.0,0.0,0,6812.0,Mobile App,UPI,Returning Customer,Delivered
ORD100566,2025-02-25,CUST10091,Lucknow,Uttar Pradesh,Beauty,Shampoo,1,2449.0,0.0,0.0,0,2449.0,Website,Credit Card,Returning Customer,Delivered
ORD100654,2025-02-25,CUST10492,Hyderabad,Telangana,Fashion,Jacket,1,2991.0,0.0,0.0,49,3040.0,Website,Wallet,New Customer,Delivered
ORD100838,2025-02-25,CUST10078,Bengaluru,Karnataka,Sports,Dumbbells,1,1968.0,0.1,196.8,49,1820.2,Website,UPI,New Customer,Delivered
ORD101758,2025-02-25,CUST10079,Kochi,Kerala,Fashion,Jeans,3,5955.0,0.1,1786.5,0,0.0,Marketplace,UPI,Returning Customer,Cancelled
ORD101917,2025-02-25,CUST10085,Jaipur,Rajasthan,Sports,Yoga Mat,1,8346.0,0.1,834.6,49,7560.4,Marketplace,Cash on Delivery,New Customer,Delivered
ORD100164,2025-02-26,CUST10336,Kochi,Kerala,Electronics,Smartwatch,1,26570.0,0.15,3985.5,49,22633.5,Website,Net Banking,New Customer,Delivered
ORD100255,2025-02-26,CUST10489,Hyderabad,Telangana,Home & Kitchen,Mixer,2,11096.0,0.0,0.0,49,22241.0,Mobile App,Credit Card,New Customer,Delivered
ORD100656,2025-02-26,CUST10303,Kochi,Kerala,Electronics,Headphones,3,34640.0,0.1,10392.0,99,0.0,Website,Credit Card,Returning Customer,Cancelled
ORD101315,2025-02-26,CUST10347,Ahmedabad,Gujarat,Fashion,Backpack,1,3434.0,0.15,515.1,0,2918.9,Mobile App,Wallet,Returning Customer,Delivered
ORD101358,2025-02-26,CUST10276,Kochi,Kerala,Electronics,Smartphone,1,15886.0,0.0,0.0,49,15935.0,Mobile App,Net Banking,New Customer,Delivered
ORD100103,2025-02-27,CUST10397,Indore,Madhya Pradesh,Beauty,Moisturizer,1,1164.0,0.0,0.0,149,1313.0,Marketplace,Credit Card,Returning Customer,Delivered
ORD100476,2025-02-27,CUST10502,Kolkata,West Bengal,Beauty,Perfume,1,3883.0,0.05,194.15,49,752.54,Website,UPI,New Customer,Returned
ORD101416,2025-02-27,CUST10054,Bengaluru,Karnataka,Electronics,Headphones,2,24680.0,0.05,2468.0,0,46892.0,Website,Credit Card,Returning Customer,Delivered
ORD101449,2025-02-27,CUST10503,Bengaluru,Karnataka,Fashion,T-Shirt,1,3646.0,0.0,0.0,0,3646.0,Website,UPI,Returning Customer,Delivered
ORD101616,2025-02-27,CUST10102,Indore,Madhya Pradesh,Home & Kitchen,Air Fryer,1,7565.0,0.05,378.25,79,7265.75,Mobile App,Credit Card,Returning Customer,Delivered
ORD101622,2025-02-27,CUST10511,Pune,Maharashtra,Home & Kitchen,Cookware Set,1,15508.0,0.0,0.0,0,2897.64,Marketplace,UPI,New Customer,Returned
ORD101722,2025-02-27,CUST10296,Chennai,Tamil Nadu,Home & Kitchen,Air Fryer,1,5896.0,0.05,294.8,49,5650.2,Website,Net Banking,Returning Customer,Delivered
ORD101760,2025-02-27,CUST10542,Bengaluru,Karnataka,Home & Kitchen,Mixer,3,760.0,0.15,342.0,49,430.29,Website,UPI,New Customer,Returned
ORD101996,2025-02-27,CUST10223,Bengaluru,Karnataka,Sports,Running Shoes,1,11321.0,0.0,0.0,149,11470.0,Website,Net Banking,Returning Customer,Delivered
ORD100079,2025-02-28,CUST10237,Kolkata,West Bengal,Electronics,Laptop,2,52131.0,0.0,0.0,0,20679.05,Website,UPI,Returning Customer,Returned
ORD100093,2025-02-28,CUST10226,Bengaluru,Karnataka,Sports,Dumbbells,1,10135.0,0.0,0.0,99,983.83,Website,UPI,VIP,Returned
ORD100628,2025-02-28,CUST10100,Lucknow,Uttar Pradesh,Home & Kitchen,Coffee Maker,1,16193.0,0.0,0.0,0,16193.0,Website,Debit Card,New Customer,Delivered
ORD100742,2025-02-28,CUST10261,Hyderabad,Telangana,Home & Kitchen,Mixer,1,7700.0,0.2,1540.0,0,6160.0,Website,Net Banking,New Customer,Delivered
ORD101231,2025-02-28,CUST10098,Jaipur,Rajasthan,Sports,Running Shoes,1,6372.0,0.0,0.0,149,6521.0,Marketplace,UPI,New Customer,Delivered
ORD101544,2025-02-28,CUST10320,Kolkata,West Bengal,Electronics,Smartphone,2,15531.0,0.0,0.0,0,31062.0,Mobile App,Credit Card,Returning Customer,Delivered
ORD101607,2025-02-28,CUST10115,Jaipur,Rajasthan,Fashion,Sneakers,1,8460.0,0.0,0.0,0,1279.82,Website,Cash on Delivery,VIP,Returned
ORD100133,2025-03-01,CUST10581,Bengaluru,Karnataka,Home & Kitchen,Air Fryer,1,14667.0,0.1,1466.7,0,13200.3,Website,Net Banking,Returning Customer,Delivered
ORD100299,2025-03-01,CUST10101,Kolkata,West Bengal,Home & Kitchen,Coffee Maker,2,6898.0,0.0,0.0,0,13796.0,Website,Cash on Delivery,Returning Customer,Delivered
ORD100329,2025-03-01,CUST10494,Ahmedabad,Gujarat,Electronics,Tablet,1,58158.0,0.1,5815.8,0,52342.2,Website,Net Banking,Returning Customer,Delivered
ORD100940,2025-03-01,CUST10590,Hyderabad,Telangana,Electronics,Headphones,1,57855.0,0.05,2892.75,79,55041.25,Marketplace,Net Banking,New Customer,Delivered
ORD101091,2025-03-01,CUST10502,Indore,Madhya Pradesh,Beauty,Moisturizer,1,3310.0,0.2,662.0,79,0.0,Mobile App,Wallet,New Customer,Cancelled
ORD101983,2025-03-01,CUST10256,Mumbai,Maharashtra,Sports,Football,3,11799.0,0.0,0.0,99,35496.0,Website,Debit Card,Returning Customer,Delivered
ORD100607,2025-03-02,CUST10089,Kochi,Kerala,Home & Kitchen,Vacuum Cleaner,1,8996.0,0.0,0.0,49,9045.0,Mobile App,Debit Card,Returning Customer,Delivered
ORD100617,2025-03-02,CUST10562,Kochi,Kerala,Beauty,Face Wash,2,483.0,0.15,144.9,99,920.1,Mobile App,UPI,VIP,Delivered
ORD100675,2025-03-02,CUST10514,Mumbai,Maharashtra,Home & Kitchen,Coffee Maker,2,15176.0,0.1,3035.2,0,27316.8,Mobile App,Wallet,Returning Customer,Delivered
ORD100754,2025-03-02,CUST10293,Chennai,Tamil Nadu,Electronics,Smartphone,2,29235.0,0.05,2923.5,49,55595.5,Mobile App,Credit Card,Returning Customer,Delivered
ORD100928,2025-03-02,CUST10409,Kochi,Kerala,Beauty,Hair Dryer,1,4217.0,0.15,632.55,0,3584.45,Mobile App,Debit Card,Returning Customer,Delivered
ORD101349,2025-03-02,CUST10032,Chennai,Tamil Nadu,Home & Kitchen,Mixer,2,11386.0,0.0,0.0,99,22871.0,Website,Debit Card,New Customer,Delivered
ORD101559,2025-03-02,CUST10525,Bengaluru,Karnataka,Home & Kitchen,Air Fryer,1,11483.0,0.1,1148.3,49,847.4,Website,Credit Card,Returning Customer,Returned
ORD101647,2025-03-02,CUST10555,Bengaluru,Karnataka,Electronics,Tablet,1,3512.0,0.0,0.0,79,3591.0,Marketplace,Credit Card,Returning Customer,Delivered
ORD100276,2025-03-03,CUST10416,Jaipur,Rajasthan,Sports,Running Shoes,2,1294.0,0.0,0.0,49,0.0,Mobile App,Cash on Delivery,Returning Customer,Cancelled
ORD100613,2025-03-03,CUST10139,Indore,Madhya Pradesh,Sports,Yoga Mat,1,11795.0,0.2,2359.0,149,9585.0,Website,Cash on Delivery,New Customer,Delivered
ORD100680,2025-03-03,CUST10025,Jaipur,Rajasthan,Fashion,Jacket,2,2734.0,0.0,0.0,79,418.59,Mobile App,Wallet,Returning Customer,Returned
ORD100813,2025-03-03,CUST10121,Hyderabad,Telangana,Sports,Running Shoes,1,2399.0,0.2,479.8,49,126.56,Mobile App,Credit Card,New Customer,Returned
ORD101305,2025-03-03,CUST10495,Bengaluru,Karnataka,Fashion,T-Shirt,1,7364.0,0.0,0.0,0,0.0,Mobile App,Credit Card,VIP,Cancelled
ORD101668,2025-03-03,CUST10502,Jaipur,Rajasthan,Sports,Running Shoes,1,3239.0,0.05,161.95,49,3126.05,Mobile App,UPI,VIP,Delivered
ORD101973,2025-03-03,CUST10241,Kolkata,West Bengal,Home & Kitchen,Coffee Maker,3,15702.0,0.0,0.0,0,3612.15,Mobile App,Net Banking,New Customer,Returned
ORD100726,2025-03-04,CUST10412,Jaipur,Rajasthan,Electronics,Smartphone,1,50595.0,0.1,5059.5,49,45584.5,Website,Credit Card,VIP,Delivered
ORD100932,2025-03-04,CUST10220,Kochi,Kerala,Electronics,Headphones,1,1708.0,0.0,0.0,0,0.0,Website,Debit Card,Returning Customer,Cancelled
ORD100938,2025-03-04,CUST10579,Mumbai,Maharashtra,Fashion,Backpack,3,1019.0,0.0,0.0,49,353.26,Mobile App,UPI,VIP,Returned
ORD100293,2025-03-05,CUST10093,Jaipur,Rajasthan,Electronics,Headphones,2,27309.0,0.0,0.0,0,54618.0,Marketplace,UPI,Returning Customer,Delivered
ORD100470,2025-03-05,CUST10064,Mumbai,Maharashtra,Beauty,Shampoo,1,3925.0,0.0,0.0,149,4074.0,Mobile App,Debit Card,VIP,Delivered
ORD100541,2025-03-05,CUST10376,Lucknow,Uttar Pradesh,Home & Kitchen,Vacuum Cleaner,2,4061.0,0.15,1218.3,0,6903.7,Website,UPI,Returning Customer,Delivered
ORD101662,2025-03-05,CUST10385,Chennai,Tamil Nadu,Home & Kitchen,Mixer,1,10567.0,0.0,0.0,49,10616.0,Mobile App,Credit Card,New Customer,Delivered
ORD100260,2025-03-06,CUST10560,Delhi,Delhi,Electronics,Smartwatch,1,29576.0,0.05,1478.8,0,28097.2,Website,Net Banking,Returning Customer,Delivered
ORD100407,2025-03-06,CUST10327,Kochi,Kerala,Home & Kitchen,Cookware Set,2,9293.0,0.0,0.0,99,18685.0,Mobile App,Cash on Delivery,VIP,Delivered
ORD101219,2025-03-06,CUST10133,Hyderabad,Telangana,Sports,Running Shoes,1,11670.0,0.0,0.0,49,11719.0,Website,Net Banking,Returning Customer,Delivered
ORD101377,2025-03-06,CUST10468,Lucknow,Uttar Pradesh,Beauty,Perfume,1,4594.0,0.0,0.0,149,1169.64,Website,UPI,New Customer,Returned
ORD101643,2025-03-06,CUST10159,Kolkata,West Bengal,Fashion,Jeans,1,3439.0,0.1,343.9,0,3095.1,Mobile App,UPI,New Customer,Delivered
ORD101737,2025-03-06,CUST10059,Kochi,Kerala,Beauty,Face Wash,1,2098.0,0.0,0.0,79,2177.0,Website,UPI,Returning Customer,Delivered
ORD101743,2025-03-06,CUST10252,Pune,Maharashtra,Fashion,Backpack,1,3107.0,0.1,310.7,79,2875.3,Mobile App,Credit Card,New Customer,Delivered
ORD101293,2025-03-07,CUST10097,Mumbai,Maharashtra,Fashion,Sneakers,1,1077.0,0.1,107.7,0,196.8,Website,Debit Card,Returning Customer,Returned
ORD101539,2025-03-07,CUST10329,Lucknow,Uttar Pradesh,Electronics,Laptop,1,27345.0,0.05,1367.25,99,26076.75,Mobile App,UPI,Returning Customer,Delivered
ORD101665,2025-03-07,CUST10184,Hyderabad,Telangana,Home & Kitchen,Cookware Set,1,15897.0,0.2,3179.4,0,0.0,Marketplace,UPI,Returning Customer,Cancelled
ORD101724,2025-03-07,CUST10357,Pune,Maharashtra,Fashion,Jeans,1,7981.0,0.15,1197.15,79,6862.85,Website,Debit Card,Returning Customer,Delivered
ORD101026,2025-03-08,CUST10449,Jaipur,Rajasthan,Beauty,Shampoo,1,3627.0,0.0,0.0,79,0.0,Mobile App,UPI,VIP,Cancelled
ORD101327,2025-03-08,CUST10563,Kolkata,West Bengal,Beauty,Face Wash,3,1131.0,0.2,678.6,79,2793.4,Marketplace,Net Banking,New Customer,Delivered
ORD101632,2025-03-08,CUST10178,Hyderabad,Telangana,Electronics,Tablet,1,21978.0,0.1,2197.8,79,19859.2,Mobile App,Debit Card,New Customer,Delivered
ORD101744,2025-03-08,CUST10253,Chennai,Tamil Nadu,Fashion,Backpack,1,3414.0,0.1,341.4,0,618.74,Mobile App,Wallet,New Customer,Returned
ORD101992,2025-03-08,CUST10281,Kolkata,West Bengal,Sports,Cricket Bat,1,10048.0,0.0,0.0,49,10097.0,Mobile App,Credit Card,New Customer,Delivered
ORD100206,2025-03-09,CUST10379,Pune,Maharashtra,Home & Kitchen,Coffee Maker,3,8863.0,0.05,1329.45,0,0.0,Marketplace,Credit Card,Returning Customer,Cancelled
ORD100420,2025-03-09,CUST10556,Bengaluru,Karnataka,Home & Kitchen,Air Fryer,1,17250.0,0.0,0.0,49,17299.0,Mobile App,Debit Card,Returning Customer,Delivered
ORD100482,2025-03-09,CUST10178,Mumbai,Maharashtra,Fashion,Jeans,1,3887.0,0.2,777.4,0,3109.6,Mobile App,UPI,VIP,Delivered
ORD100774,2025-03-09,CUST10124,Jaipur,Rajasthan,Fashion,Jacket,1,1485.0,0.2,297.0,79,1267.0,Website,Cash on Delivery,Returning Customer,Delivered
ORD101376,2025-03-09,CUST10580,Kochi,Kerala,Fashion,Jacket,1,3409.0,0.05,170.45,49,171.94,Website,Wallet,Returning Customer,Returned
ORD101836,2025-03-09,CUST10134,Indore,Madhya Pradesh,Beauty,Face Wash,1,5057.0,0.15,758.55,49,796.62,Mobile App,Credit Card,Returning Customer,Returned
ORD100399,2025-03-10,CUST10426,Hyderabad,Telangana,Fashion,T-Shirt,2,3367.0,0.0,0.0,0,0.0,Website,UPI,VIP,Cancelled
ORD100951,2025-03-10,CUST10311,Kolkata,West Bengal,Home & Kitchen,Mixer,1,14869.0,0.05,743.45,0,2759.38,Website,Credit Card,Returning Customer,Returned
ORD101175,2025-03-10,CUST10143,Chennai,Tamil Nadu,Sports,Cricket Bat,1,4349.0,0.0,0.0,149,267.91,Website,Debit Card,New Customer,Returned
ORD101196,2025-03-10,CUST10474,Kolkata,West Bengal,Electronics,Tablet,1,53132.0,0.15,7969.8,79,45241.2,Marketplace,UPI,Returning Customer,Delivered
ORD101500,2025-03-10,CUST10169,Mumbai,Maharashtra,Beauty,Hair Dryer,1,412.0,0.0,0.0,79,491.0,Marketplace,UPI,Returning Customer,Delivered
ORD101618,2025-03-10,CUST10285,Indore,Madhya Pradesh,Electronics,Smartwatch,1,4189.0,0.05,209.45,79,808.4,Mobile App,Cash on Delivery,Returning Customer,Returned
ORD101741,2025-03-10,CUST10112,Mumbai,Maharashtra,Electronics,Smartphone,3,38600.0,0.05,5790.0,79,110089.0,Website,Debit Card,New Customer,Delivered
ORD101791,2025-03-10,CUST10236,Mumbai,Maharashtra,Sports,Yoga Mat,1,2133.0,0.1,213.3,49,1968.7,Mobile App,UPI,Returning Customer,Delivered
ORD100057,2025-03-11,CUST10243,Pune,Maharashtra,Electronics,Tablet,1,11032.0,0.0,0.0,0,11032.0,Website,Net Banking,VIP,Delivered
ORD100499,2025-03-11,CUST10455,Lucknow,Uttar Pradesh,Electronics,Tablet,2,30484.0,0.0,0.0,149,9692.43,Website,Wallet,Returning Customer,Returned
ORD100998,2025-03-11,CUST10424,Bengaluru,Karnataka,Fashion,Sneakers,3,8491.0,0.0,0.0,0,25473.0,Website,Net Banking,Returning Customer,Delivered
ORD101590,2025-03-11,CUST10402,Jaipur,Rajasthan,Fashion,Jeans,1,8040.0,0.15,1206.0,0,6834.0,Mobile App,UPI,Returning Customer,Delivered
ORD101856,2025-03-11,CUST10531,Jaipur,Rajasthan,Fashion,Backpack,3,2737.0,0.15,1231.65,49,7028.35,Mobile App,Credit Card,Returning Customer,Delivered
ORD101967,2025-03-11,CUST10036,Bengaluru,Karnataka,Electronics,Tablet,1,42885.0,0.05,2144.25,99,40839.75,Mobile App,UPI,New Customer,Delivered
ORD100423,2025-03-12,CUST10443,Mumbai,Maharashtra,Fashion,Backpack,1,5422.0,0.0,0.0,99,0.0,Mobile App,UPI,Returning Customer,Cancelled
ORD100449,2025-03-12,CUST10486,Jaipur,Rajasthan,Home & Kitchen,Mixer,1,11264.0,0.2,2252.8,149,9160.2,Website,Wallet,New Customer,Delivered
ORD100562,2025-03-12,CUST10043,Delhi,Delhi,Sports,Running Shoes,1,5537.0,0.0,0.0,49,5586.0,Website,Credit Card,New Customer,Delivered
ORD100639,2025-03-12,CUST10166,Hyderabad,Telangana,Beauty,Moisturizer,1,3127.0,0.15,469.05,149,2806.95,Mobile App,UPI,VIP,Delivered
ORD100894,2025-03-12,CUST10465,Jaipur,Rajasthan,Electronics,Smartwatch,2,1334.0,0.1,266.8,49,2450.2,Website,UPI,VIP,Delivered
ORD101435,2025-03-12,CUST10513,Hyderabad,Telangana,Fashion,Jeans,1,6936.0,0.0,0.0,79,0.0,Marketplace,Credit Card,New Customer,Cancelled
ORD101591,2025-03-12,CUST10342,Delhi,Delhi,Sports,Football,2,8741.0,0.0,0.0,79,17561.0,Website,UPI,Returning Customer,Delivered
ORD101773,2025-03-12,CUST10375,Kolkata,West Bengal,Beauty,Hair Dryer,2,365.0,0.0,0.0,149,142.02,Mobile App,Debit Card,VIP,Returned
ORD100000,2025-03-13,CUST10100,Indore,Madhya Pradesh,Home & Kitchen,Coffee Maker,1,3230.0,0.0,0.0,0,0.0,Website,Debit Card,New Customer,Cancelled
ORD100352,2025-03-13,CUST10054,Chennai,Tamil Nadu,Sports,Cricket Bat,1,4122.0,0.0,0.0,0,572.22,Marketplace,Wallet,Returning Customer,Returned
ORD100474,2025-03-13,CUST10047,Lucknow,Uttar Pradesh,Fashion,Jacket,1,6136.0,0.0,0.0,0,6136.0,Marketplace,Credit Card,Returning Customer,Delivered
ORD100497,2025-03-13,CUST10412,Kochi,Kerala,Electronics,Laptop,1,41082.0,0.15,6162.3,49,6916.32,Mobile App,Credit Card,Returning Customer,Returned
ORD100977,2025-03-13,CUST10299,Bengaluru,Karnataka,Sports,Football,1,4359.0,0.0,0.0,0,258.49,Website,UPI,Returning Customer,Returned
ORD100201,2025-03-14,CUST10195,Mumbai,Maharashtra,Sports,Dumbbells,1,9573.0,0.0,0.0,99,9672.0,Marketplace,Wallet,Returning Customer,Delivered
ORD100346,2025-03-14,CUST10039,Kolkata,West Bengal,Fashion,Jacket,1,518.0,0.0,0.0,0,518.0,Mobile App,Credit Card,Returning Customer,Delivered
ORD100387,2025-03-14,CUST10151,Kochi,Kerala,Fashion,Jeans,1,3088.0,0.0,0.0,0,0.0,Website,Credit Card,VIP,Cancelled
ORD100599,2025-03-14,CUST10210,Indore,Madhya Pradesh,Home & Kitchen,Mixer,2,12562.0,0.0,0.0,49,0.0,Mobile App,UPI,VIP,Cancelled
ORD100981,2025-03-14,CUST10426,Indore,Madhya Pradesh,Fashion,Jacket,1,1837.0,0.0,0.0,49,417.0,Website,Wallet,New Customer,Returned
ORD100699,2025-03-15,CUST10029,Mumbai,Maharashtra,Beauty,Perfume,1,2349.0,0.05,117.45,79,492.37,Mobile App,Credit Card,Returning Customer,Returned
ORD101239,2025-03-15,CUST10062,Kochi,Kerala,Sports,Yoga Mat,1,4750.0,0.0,0.0,79,4829.0,Website,Credit Card,Returning Customer,Delivered
ORD101467,2025-03-15,CUST10521,Kochi,Kerala,Home & Kitchen,Coffee Maker,1,15752.0,0.1,1575.2,0,1127.46,Mobile App,UPI,Returning Customer,Returned
ORD101751,2025-03-15,CUST10121,Kolkata,West Bengal,Fashion,Jacket,1,1854.0,0.1,185.4,79,0.0,Mobile App,Net Banking,New Customer,Cancelled
ORD100058,2025-03-16,CUST10574,Kochi,Kerala,Sports,Dumbbells,2,9896.0,0.0,0.0,0,19792.0,Marketplace,Debit Card,Returning Customer,Delivered
ORD100392,2025-03-16,CUST10179,Kochi,Kerala,Electronics,Laptop,2,9528.0,0.2,3811.2,0,3639.16,Marketplace,UPI,Returning Customer,Returned
ORD101489,2025-03-16,CUST10241,Jaipur,Rajasthan,Home & Kitchen,Cookware Set,1,6644.0,0.15,996.6,149,5796.4,Mobile App,Net Banking,New Customer,Delivered
ORD101554,2025-03-16,CUST10582,Bengaluru,Karnataka,Fashion,T-Shirt,2,4747.0,0.0,0.0,99,9593.0,Mobile App,Debit Card,New Customer,Delivered
ORD100191,2025-03-17,CUST10550,Pune,Maharashtra,Home & Kitchen,Vacuum Cleaner,1,2907.0,0.0,0.0,0,498.31,Mobile App,Net Banking,New Customer,Returned
ORD100192,2025-03-17,CUST10584,Bengaluru,Karnataka,Fashion,Jacket,1,6009.0,0.2,1201.8,79,4886.2,Mobile App,UPI,New Customer,Delivered
ORD100251,2025-03-17,CUST10100,Jaipur,Rajasthan,Electronics,Smartphone,1,28691.0,0.05,1434.55,0,27256.45,Mobile App,Net Banking,New Customer,Delivered
ORD100322,2025-03-17,CUST10191,Chennai,Tamil Nadu,Electronics,Smartwatch,1,14734.0,0.2,2946.8,49,11836.2,Mobile App,Cash on Delivery,Returning Customer,Delivered
ORD100592,2025-03-17,CUST10023,Ahmedabad,Gujarat,Fashion,Backpack,1,2539.0,0.0,0.0,0,2539.0,Mobile App,Cash on Delivery,New Customer,Delivered
ORD100606,2025-03-17,CUST10156,Indore,Madhya Pradesh,Electronics,Tablet,1,52638.0,0.0,0.0,0,0.0,Mobile App,Credit Card,New Customer,Cancelled
ORD100718,2025-03-17,CUST10068,Chennai,Tamil Nadu,Electronics,Tablet,1,52091.0,0.15,7813.65,149,3872.49,Mobile App,UPI,New Customer,Returned
ORD100816,2025-03-17,CUST10295,Kolkata,West Bengal,Electronics,Smartphone,1,15160.0,0.05,758.0,49,14451.0,Mobile App,Cash on Delivery,Returning Customer,Delivered
ORD101263,2025-03-17,CUST10360,Bengaluru,Karnataka,Home & Kitchen,Air Fryer,1,6031.0,0.15,904.65,49,5175.35,Mobile App,UPI,Returning Customer,Delivered
ORD100684,2025-03-18,CUST10074,Pune,Maharashtra,Sports,Dumbbells,1,7237.0,0.2,1447.4,49,0.0,Website,Credit Card,Returning Customer,Cancelled
ORD100869,2025-03-18,CUST10267,Lucknow,Uttar Pradesh,Home & Kitchen,Mixer,3,12981.0,0.0,0.0,149,3078.04,Mobile App,Cash on Delivery,Returning Customer,Returned
ORD101029,2025-03-18,CUST10085,Indore,Madhya Pradesh,Sports,Yoga Mat,1,5007.0,0.05,250.35,99,4855.65,Marketplace,Debit Card,New Customer,Delivered
ORD101177,2025-03-18,CUST10274,Delhi,Delhi,Home & Kitchen,Mixer,1,5380.0,0.0,0.0,0,0.0,Marketplace,UPI,Returning Customer,Cancelled
ORD101285,2025-03-18,CUST10434,Ahmedabad,Gujarat,Electronics,Tablet,1,41929.0,0.2,8385.8,99,33642.2,Marketplace,Debit Card,Returning Customer,Delivered
ORD101439,2025-03-18,CUST10466,Hyderabad,Telangana,Electronics,Smartwatch,1,62181.0,0.0,0.0,0,62181.0,Marketplace,Credit Card,Returning Customer,Delivered
ORD101904,2025-03-18,CUST10140,Bengaluru,Karnataka,Beauty,Face Wash,2,5992.0,0.05,599.2,0,11384.8,Mobile App,Net Banking,New Customer,Delivered
ORD101946,2025-03-18,CUST10407,Kochi,Kerala,Fashion,Sneakers,1,3488.0,0.0,0.0,0,3488.0,Mobile App,Debit Card,New Customer,Delivered
ORD100052,2025-03-19,CUST10350,Jaipur,Rajasthan,Electronics,Laptop,1,21378.0,0.0,0.0,49,1421.72,Website,Credit Card,New Customer,Returned
ORD100252,2025-03-19,CUST10168,Mumbai,Maharashtra,Electronics,Smartwatch,1,63088.0,0.0,0.0,0,63088.0,Website,Credit Card,Returning Customer,Delivered
ORD100677,2025-03-19,CUST10543,Delhi,Delhi,Fashion,Sneakers,1,5876.0,0.0,0.0,79,5955.0,Website,Net Banking,New Customer,Delivered
ORD100732,2025-03-19,CUST10109,Kochi,Kerala,Home & Kitchen,Vacuum Cleaner,1,8213.0,0.0,0.0,99,8312.0,Mobile App,Wallet,New Customer,Delivered
ORD100855,2025-03-19,CUST10424,Chennai,Tamil Nadu,Home & Kitchen,Air Fryer,1,12207.0,0.1,1220.7,149,0.0,Website,Wallet,Returning Customer,Cancelled
ORD100918,2025-03-19,CUST10522,Delhi,Delhi,Sports,Cricket Bat,2,5930.0,0.1,1186.0,149,10823.0,Mobile App,UPI,Returning Customer,Delivered
ORD101261,2025-03-19,CUST10262,Pune,Maharashtra,Sports,Cricket Bat,1,6669.0,0.0,0.0,149,6818.0,Mobile App,Credit Card,New Customer,Delivered
ORD101962,2025-03-19,CUST10444,Lucknow,Uttar Pradesh,Sports,Cricket Bat,1,628.0,0.0,0.0,79,707.0,Mobile App,Cash on Delivery,Returning Customer,Delivered
ORD100500,2025-03-20,CUST10131,Chennai,Tamil Nadu,Electronics,Headphones,1,55556.0,0.2,11111.2,149,44593.8,Website,Wallet,Returning Customer,Delivered
ORD101023,2025-03-20,CUST10566,Mumbai,Maharashtra,Electronics,Laptop,2,49499.0,0.0,0.0,49,99047.0,Mobile App,UPI,Returning Customer,Delivered
ORD101410,2025-03-20,CUST10203,Lucknow,Uttar Pradesh,Electronics,Smartwatch,1,33934.0,0.15,5090.1,99,2710.49,Mobile App,UPI,VIP,Returned
ORD101520,2025-03-20,CUST10055,Pune,Maharashtra,Beauty,Moisturizer,2,4876.0,0.15,1462.8,49,1789.73,Marketplace,Net Banking,New Customer,Returned
ORD101858,2025-03-20,CUST10052,Pune,Maharashtra,Home & Kitchen,Coffee Maker,1,12508.0,0.1,1250.8,0,0.0,Marketplace,UPI,New Customer,Cancelled
ORD101979,2025-03-20,CUST10186,Chennai,Tamil Nadu,Beauty,Perfume,2,4461.0,0.1,892.2,0,1623.64,Mobile App,Debit Card,New Customer,Returned
ORD100640,2025-03-21,CUST10436,Lucknow,Uttar Pradesh,Fashion,T-Shirt,1,1850.0,0.05,92.5,79,1836.5,Mobile App,Credit Card,Returning Customer,Delivered
ORD101355,2025-03-21,CUST10160,Hyderabad,Telangana,Electronics,Smartphone,1,9934.0,0.0,0.0,79,10013.0,Marketplace,Cash on Delivery,Returning Customer,Delivered
ORD101994,2025-03-21,CUST10172,Bengaluru,Karnataka,Sports,Football,1,10538.0,0.0,0.0,149,0.0,Mobile App,Net Banking,Returning Customer,Cancelled
ORD100006,2025-03-22,CUST10041,Mumbai,Maharashtra,Home & Kitchen,Air Fryer,1,14328.0,0.05,716.4,149,13760.6,Marketplace,Cash on Delivery,Returning Customer,Delivered
ORD101168,2025-03-22,CUST10600,Chennai,Tamil Nadu,Beauty,Perfume,1,2731.0,0.0,0.0,0,2731.0,Mobile App,UPI,Returning Customer,Delivered
ORD101260,2025-03-22,CUST10021,Jaipur,Rajasthan,Fashion,Jacket,1,5810.0,0.0,0.0,49,468.69,Website,Debit Card,Returning Customer,Returned
ORD101330,2025-03-22,CUST10096,Mumbai,Maharashtra,Electronics,Laptop,2,35967.0,0.0,0.0,149,72083.0,Website,Debit Card,VIP,Delivered
ORD100142,2025-03-23,CUST10007,Pune,Maharashtra,Sports,Yoga Mat,1,8254.0,0.05,412.7,79,7920.3,Website,UPI,New Customer,Delivered
ORD100489,2025-03-23,CUST10062,Bengaluru,Karnataka,Electronics,Tablet,1,6844.0,0.15,1026.6,149,5966.4,Website,UPI,Returning Customer,Delivered
ORD100788,2025-03-23,CUST10422,Hyderabad,Telangana,Sports,Yoga Mat,1,1355.0,0.2,271.0,99,1183.0,Marketplace,Net Banking,Returning Customer,Delivered
ORD100961,2025-03-23,CUST10058,Bengaluru,Karnataka,Sports,Dumbbells,1,5392.0,0.1,539.2,79,4931.8,Website,Credit Card,New Customer,Delivered
ORD101064,2025-03-23,CUST10033,Lucknow,Uttar Pradesh,Sports,Yoga Mat,1,8498.0,0.0,0.0,49,8547.0,Website,Credit Card,Returning Customer,Delivered
ORD101636,2025-03-23,CUST10054,Kochi,Kerala,Electronics,Smartphone,1,9512.0,0.1,951.2,99,8659.8,Website,Credit Card,Returning Customer,Delivered
ORD101658,2025-03-23,CUST10381,Pune,Maharashtra,Beauty,Face Wash,1,2233.0,0.15,334.95,79,1977.05,Marketplace,UPI,VIP,Delivered
ORD101898,2025-03-23,CUST10030,Lucknow,Uttar Pradesh,Fashion,Sneakers,1,6733.0,0.0,0.0,79,0.0,Marketplace,UPI,Returning Customer,Cancelled
ORD100528,2025-03-24,CUST10455,Lucknow,Uttar Pradesh,Fashion,Jeans,1,5996.0,0.15,899.4,99,0.0,Website,Debit Card,Returning Customer,Cancelled
ORD100846,2025-03-24,CUST10587,Indore,Madhya Pradesh,Electronics,Headphones,2,2765.0,0.05,276.5,79,5332.5,Mobile App,Debit Card,Returning Customer,Delivered
ORD101025,2025-03-24,CUST10578,Indore,Madhya Pradesh,Fashion,Jacket,1,4386.0,0.05,219.3,0,4166.7,Website,UPI,New Customer,Delivered
ORD101336,2025-03-24,CUST10340,Kochi,Kerala,Home & Kitchen,Coffee Maker,2,7365.0,0.0,0.0,99,14829.0,Website,Wallet,Returning Customer,Delivered
ORD101465,2025-03-24,CUST10507,Jaipur,Rajasthan,Sports,Yoga Mat,1,3029.0,0.05,151.45,149,3026.55,Mobile App,Credit Card,Returning Customer,Delivered
ORD101971,2025-03-24,CUST10526,Kochi,Kerala,Electronics,Smartwatch,2,21236.0,0.05,2123.6,0,40348.4,Marketplace,Wallet,Returning Customer,Delivered
ORD100198,2025-03-25,CUST10105,Kolkata,West Bengal,Electronics,Smartwatch,2,26693.0,0.0,0.0,79,53465.0,Mobile App,Cash on Delivery,Returning Customer,Delivered
ORD100259,2025-03-25,CUST10073,Kochi,Kerala,Home & Kitchen,Vacuum Cleaner,1,10184.0,0.05,509.2,79,977.12,Mobile App,Debit Card,New Customer,Returned
ORD100472,2025-03-25,CUST10581,Indore,Madhya Pradesh,Sports,Running Shoes,1,4666.0,0.15,699.9,79,4045.1,Marketplace,Credit Card,Returning Customer,Delivered
ORD100722,2025-03-25,CUST10232,Hyderabad,Telangana,Electronics,Smartwatch,1,43247.0,0.15,6487.05,0,36759.95,Website,Credit Card,Returning Customer,Delivered
ORD101443,2025-03-25,CUST10232,Jaipur,Rajasthan,Home & Kitchen,Coffee Maker,1,12731.0,0.15,1909.65,79,10900.35,Mobile App,Wallet,New Customer,Delivered
ORD101209,2025-03-26,CUST10116,Indore,Madhya Pradesh,Beauty,Shampoo,1,2785.0,0.15,417.75,99,408.64,Website,Credit Card,New Customer,Returned
ORD101222,2025-03-26,CUST10261,Kolkata,West Bengal,Beauty,Hair Dryer,2,4541.0,0.0,0.0,0,9082.0,Mobile App,Wallet,Returning Customer,Delivered
ORD100009,2025-03-27,CUST10028,Mumbai,Maharashtra,Electronics,Headphones,2,40846.0,0.0,0.0,0,81692.0,Website,Credit Card,VIP,Delivered
ORD100055,2025-03-27,CUST10394,Ahmedabad,Gujarat,Fashion,T-Shirt,1,1430.0,0.15,214.5,49,1264.5,Mobile App,Credit Card,New Customer,Delivered
ORD100162,2025-03-27,CUST10418,Bengaluru,Karnataka,Beauty,Perfume,2,5080.0,0.15,1524.0,0,8636.0,Mobile App,Debit Card,Returning Customer,Delivered
ORD100277,2025-03-27,CUST10429,Chennai,Tamil Nadu,Fashion,T-Shirt,2,4572.0,0.0,0.0,99,1405.97,Mobile App,UPI,New Customer,Returned
ORD100821,2025-03-27,CUST10006,Delhi,Delhi,Home & Kitchen,Coffee Maker,2,5011.0,0.0,0.0,49,0.0,Website,UPI,New Customer,Cancelled
ORD101412,2025-03-27,CUST10117,Jaipur,Rajasthan,Electronics,Tablet,2,14554.0,0.05,1455.4,0,27652.6,Mobile App,Cash on Delivery,VIP,Delivered
ORD101988,2025-03-27,CUST10063,Kolkata,West Bengal,Electronics,Smartphone,2,10027.0,0.0,0.0,149,20203.0,Website,UPI,New Customer,Delivered
ORD100081,2025-03-28,CUST10168,Kochi,Kerala,Fashion,Jeans,1,1604.0,0.0,0.0,0,1604.0,Website,Debit Card,Returning Customer,Delivered
ORD100153,2025-03-28,CUST10435,Jaipur,Rajasthan,Electronics,Smartwatch,1,3380.0,0.0,0.0,79,0.0,Website,UPI,VIP,Cancelled
ORD100271,2025-03-28,CUST10239,Lucknow,Uttar Pradesh,Fashion,Backpack,2,7785.0,0.1,1557.0,49,1535.41,Mobile App,UPI,Returning Customer,Returned
ORD100468,2025-03-28,CUST10464,Delhi,Delhi,Home & Kitchen,Vacuum Cleaner,1,2325.0,0.0,0.0,99,444.53,Website,Debit Card,Returning Customer,Returned
ORD100632,2025-03-28,CUST10573,Bengaluru,Karnataka,Home & Kitchen,Cookware Set,1,4868.0,0.15,730.2,99,4236.8,Marketplace,UPI,New Customer,Delivered
ORD100930,2025-03-28,CUST10178,Indore,Madhya Pradesh,Electronics,Laptop,2,44170.0,0.0,0.0,49,0.0,Website,Credit Card,Returning Customer,Cancelled
ORD100955,2025-03-28,CUST10035,Hyderabad,Telangana,Sports,Dumbbells,1,6352.0,0.0,0.0,149,6501.0,Mobile App,Credit Card,New Customer,Delivered
ORD101394,2025-03-28,CUST10133,Chennai,Tamil Nadu,Fashion,Jeans,1,1186.0,0.0,0.0,49,1235.0,Mobile App,UPI,New Customer,Delivered
ORD101422,2025-03-28,CUST10096,Delhi,Delhi,Electronics,Smartwatch,1,17030.0,0.0,0.0,79,17109.0,Website,Cash on Delivery,Returning Customer,Delivered
ORD101423,2025-03-28,CUST10562,Jaipur,Rajasthan,Fashion,Jeans,2,7818.0,0.0,0.0,0,0.0,Mobile App,Wallet,New Customer,Cancelled
ORD100379,2025-03-29,CUST10347,Kochi,Kerala,Electronics,Headphones,1,2320.0,0.0,0.0,99,2419.0,Website,Net Banking,Returning Customer,Delivered
ORD100435,2025-03-29,CUST10397,Lucknow,Uttar Pradesh,Fashion,Jeans,1,703.0,0.1,70.3,99,0.0,Mobile App,Cash on Delivery,Returning Customer,Cancelled
ORD101005,2025-03-29,CUST10131,Hyderabad,Telangana,Fashion,Sneakers,1,1466.0,0.0,0.0,0,1466.0,Mobile App,Debit Card,Returning Customer,Delivered
ORD101159,2025-03-29,CUST10301,Chennai,Tamil Nadu,Sports,Football,2,6922.0,0.0,0.0,0,13844.0,Mobile App,UPI,New Customer,Delivered
ORD101116,2025-03-30,CUST10518,Indore,Madhya Pradesh,Sports,Yoga Mat,2,7763.0,0.0,0.0,49,15575.0,Marketplace,Credit Card,Returning Customer,Delivered
ORD101164,2025-03-30,CUST10468,Jaipur,Rajasthan,Beauty,Face Wash,1,4514.0,0.1,451.4,0,4062.6,Marketplace,UPI,Returning Customer,Delivered
ORD101214,2025-03-30,CUST10189,Ahmedabad,Gujarat,Electronics,Smartwatch,1,8215.0,0.05,410.75,149,7953.25,Website,Credit Card,New Customer,Delivered
ORD101654,2025-03-30,CUST10398,Hyderabad,Telangana,Home & Kitchen,Vacuum Cleaner,1,3874.0,0.0,0.0,49,3923.0,Marketplace,Credit Card,Returning Customer,Delivered
ORD100321,2025-03-31,CUST10457,Ahmedabad,Gujarat,Fashion,Jacket,2,6834.0,0.05,683.4,0,12984.6,Website,Net Banking,New Customer,Delivered
ORD100434,2025-03-31,CUST10594,Mumbai,Maharashtra,Electronics,Tablet,1,7282.0,0.1,728.2,149,6702.8,Website,Debit Card,New Customer,Delivered
ORD100475,2025-03-31,CUST10199,Pune,Maharashtra,Electronics,Headphones,1,27790.0,0.15,4168.5,99,23720.5,Website,UPI,VIP,Delivered
ORD100626,2025-03-31,CUST10338,Ahmedabad,Gujarat,Electronics,Smartphone,1,23577.0,0.05,1178.85,0,22398.15,Marketplace,UPI,New Customer,Delivered
ORD100948,2025-03-31,CUST10177,Delhi,Delhi,Home & Kitchen,Mixer,1,12690.0,0.0,0.0,0,12690.0,Mobile App,Cash on Delivery,Returning Customer,Delivered
ORD101174,2025-03-31,CUST10065,Kochi,Kerala,Fashion,Backpack,1,8328.0,0.0,0.0,99,8427.0,Marketplace,UPI,Returning Customer,Delivered
ORD101896,2025-03-31,CUST10136,Indore,Madhya Pradesh,Sports,Yoga Mat,1,4696.0,0.2,939.2,99,3855.8,Website,Net Banking,New Customer,Delivered
ORD101644,2025-04-01,CUST10419,Hyderabad,Telangana,Electronics,Smartwatch,1,61377.0,0.0,0.0,0,61377.0,Website,Net Banking,Returning Customer,Delivered
ORD100098,2025-04-02,CUST10170,Kolkata,West Bengal,Electronics,Headphones,2,56467.0,0.1,11293.4,99,101739.6,Website,Net Banking,New Customer,Delivered
ORD100544,2025-04-02,CUST10438,Kochi,Kerala,Electronics,Smartphone,1,43515.0,0.0,0.0,149,0.0,Website,UPI,Returning Customer,Cancelled
ORD101230,2025-04-02,CUST10093,Kolkata,West Bengal,Beauty,Moisturizer,1,4032.0,0.0,0.0,0,4032.0,Website,UPI,New Customer,Delivered
ORD101565,2025-04-02,CUST10530,Pune,Maharashtra,Fashion,Backpack,1,6353.0,0.0,0.0,0,6353.0,Website,Net Banking,New Customer,Delivered
ORD101710,2025-04-02,CUST10549,Bengaluru,Karnataka,Home & Kitchen,Coffee Maker,1,11103.0,0.0,0.0,0,11103.0,Marketplace,Credit Card,New Customer,Delivered
ORD100051,2025-04-03,CUST10534,Indore,Madhya Pradesh,Home & Kitchen,Air Fryer,3,11034.0,0.0,0.0,99,33201.0,Website,UPI,Returning Customer,Delivered
ORD100106,2025-04-03,CUST10349,Jaipur,Rajasthan,Electronics,Smartphone,2,50270.0,0.15,15081.0,79,85538.0,Website,UPI,VIP,Delivered
ORD100238,2025-04-03,CUST10255,Pune,Maharashtra,Sports,Yoga Mat,1,639.0,0.0,0.0,49,688.0,Mobile App,UPI,New Customer,Delivered
ORD100367,2025-04-03,CUST10085,Delhi,Delhi,Fashion,T-Shirt,1,2276.0,0.2,455.2,49,1869.8,Website,Wallet,Returning Customer,Delivered
ORD100477,2025-04-03,CUST10505,Kolkata,West Bengal,Electronics,Smartphone,1,3851.0,0.05,192.55,99,3757.45,Website,Debit Card,New Customer,Delivered
ORD100683,2025-04-03,CUST10464,Lucknow,Uttar Pradesh,Fashion,Jeans,3,3509.0,0.1,1052.7,79,9553.3,Mobile App,Credit Card,New Customer,Delivered
ORD101498,2025-04-03,CUST10323,Jaipur,Rajasthan,Fashion,Jacket,1,7730.0,0.0,0.0,149,669.84,Mobile App,Debit Card,New Customer,Returned
ORD101517,2025-04-03,CUST10182,Mumbai,Maharashtra,Home & Kitchen,Air Fryer,1,4141.0,0.15,621.15,49,3568.85,Marketplace,UPI,New Customer,Delivered
ORD101532,2025-04-03,CUST10353,Jaipur,Rajasthan,Home & Kitchen,Coffee Maker,1,3375.0,0.15,506.25,49,2917.75,Website,Debit Card,Returning Customer,Delivered
ORD101780,2025-04-03,CUST10179,Ahmedabad,Gujarat,Home & Kitchen,Vacuum Cleaner,2,7537.0,0.15,2261.1,0,12812.9,Website,UPI,New Customer,Delivered
ORD100596,2025-04-04,CUST10345,Pune,Maharashtra,Home & Kitchen,Mixer,1,14546.0,0.0,0.0,99,14645.0,Marketplace,Credit Card,Returning Customer,Delivered
ORD100860,2025-04-04,CUST10039,Pune,Maharashtra,Electronics,Tablet,1,4869.0,0.1,486.9,49,866.36,Mobile App,UPI,VIP,Returned
ORD100874,2025-04-04,CUST10270,Chennai,Tamil Nadu,Home & Kitchen,Cookware Set,1,15017.0,0.2,3003.4,99,2852.33,Mobile App,Credit Card,New Customer,Returned
ORD101452,2025-04-04,CUST10214,Mumbai,Maharashtra,Electronics,Laptop,1,50867.0,0.15,7630.05,149,43385.95,Website,Credit Card,Returning Customer,Delivered
ORD101841,2025-04-04,CUST10052,Bengaluru,Karnataka,Electronics,Tablet,1,19320.0,0.15,2898.0,99,2109.83,Website,UPI,New Customer,Returned
ORD100523,2025-04-05,CUST10399,Indore,Madhya Pradesh,Electronics,Smartphone,1,34587.0,0.05,1729.35,0,0.0,Mobile App,UPI,New Customer,Cancelled
ORD100647,2025-04-05,CUST10069,Hyderabad,Telangana,Beauty,Perfume,1,3943.0,0.0,0.0,79,0.0,Mobile App,Credit Card,New Customer,Cancelled
ORD100690,2025-04-05,CUST10318,Chennai,Tamil Nadu,Sports,Yoga Mat,1,11284.0,0.0,0.0,0,11284.0,Mobile App,UPI,Returning Customer,Delivered
ORD100752,2025-04-05,CUST10021,Delhi,Delhi,Electronics,Smartwatch,2,19874.0,0.05,1987.4,49,9015.58,Marketplace,Credit Card,VIP,Returned
ORD101037,2025-04-05,CUST10587,Lucknow,Uttar Pradesh,Fashion,Jeans,1,3236.0,0.0,0.0,79,3315.0,Marketplace,Debit Card,New Customer,Delivered
ORD101523,2025-04-05,CUST10353,Kochi,Kerala,Home & Kitchen,Coffee Maker,1,16456.0,0.15,2468.4,49,14036.6,Website,Credit Card,New Customer,Delivered
ORD100076,2025-04-06,CUST10165,Mumbai,Maharashtra,Fashion,Jeans,3,5587.0,0.15,2514.15,149,14395.85,Website,Credit Card,New Customer,Delivered
ORD100090,2025-04-06,CUST10318,Delhi,Delhi,Sports,Football,2,11976.0,0.0,0.0,79,0.0,Mobile App,Debit Card,VIP,Cancelled
ORD100115,2025-04-06,CUST10295,Jaipur,Rajasthan,Sports,Yoga Mat,1,838.0,0.0,0.0,79,917.0,Website,Debit Card,VIP,Delivered
ORD100633,2025-04-06,CUST10132,Delhi,Delhi,Home & Kitchen,Vacuum Cleaner,1,1770.0,0.15,265.5,0,1504.5,Marketplace,UPI,New Customer,Delivered
ORD100760,2025-04-06,CUST10132,Kochi,Kerala,Home & Kitchen,Air Fryer,2,10785.0,0.0,0.0,0,0.0,Mobile App,UPI,Returning Customer,Cancelled
ORD100787,2025-04-06,CUST10008,Pune,Maharashtra,Electronics,Tablet,1,24353.0,0.05,1217.65,0,23135.35,Mobile App,Net Banking,New Customer,Delivered
ORD101242,2025-04-06,CUST10277,Kolkata,West Bengal,Home & Kitchen,Coffee Maker,2,15705.0,0.0,0.0,99,0.0,Marketplace,UPI,Returning Customer,Cancelled
ORD101053,2025-04-07,CUST10123,Bengaluru,Karnataka,Home & Kitchen,Vacuum Cleaner,1,7935.0,0.0,0.0,0,0.0,Marketplace,Net Banking,New Customer,Cancelled
ORD101501,2025-04-07,CUST10124,Jaipur,Rajasthan,Home & Kitchen,Air Fryer,1,16337.0,0.2,3267.4,49,13118.6,Website,Credit Card,Returning Customer,Delivered
ORD100258,2025-04-08,CUST10439,Lucknow,Uttar Pradesh,Electronics,Headphones,1,17967.0,0.0,0.0,79,1421.82,Website,UPI,VIP,Returned
ORD100405,2025-04-08,CUST10207,Lucknow,Uttar Pradesh,Home & Kitchen,Mixer,2,6438.0,0.1,1287.6,149,1339.01,Mobile App,UPI,Returning Customer,Returned
ORD101266,2025-04-08,CUST10010,Jaipur,Rajasthan,Fashion,Backpack,2,1259.0,0.15,377.7,0,383.47,Website,Debit Card,VIP,Returned
ORD100045,2025-04-09,CUST10437,Chennai,Tamil Nadu,Beauty,Shampoo,1,329.0,0.0,0.0,79,0.0,Mobile App,Net Banking,Returning Customer,Cancelled
ORD101398,2025-04-09,CUST10592,Kolkata,West Bengal,Fashion,Jacket,3,6463.0,0.0,0.0,0,3621.79,Website,Debit Card,New Customer,Returned
ORD101891,2025-04-09,CUST10107,Mumbai,Maharashtra,Fashion,Jeans,1,4012.0,0.0,0.0,99,522.77,Website,UPI,New Customer,Returned
ORD100326,2025-04-10,CUST10145,Jaipur,Rajasthan,Electronics,Headphones,1,61154.0,0.0,0.0,0,0.0,Marketplace,Wallet,Returning Customer,Cancelled
ORD100390,2025-04-10,CUST10584,Pune,Maharashtra,Electronics,Headphones,1,22513.0,0.0,0.0,49,22562.0,Website,Debit Card,Returning Customer,Delivered
ORD100759,2025-04-10,CUST10217,Kochi,Kerala,Home & Kitchen,Mixer,1,12529.0,0.0,0.0,0,12529.0,Mobile App,Credit Card,Returning Customer,Delivered
ORD100790,2025-04-10,CUST10218,Indore,Madhya Pradesh,Electronics,Headphones,2,21576.0,0.0,0.0,49,43201.0,Website,Cash on Delivery,New Customer,Delivered
ORD101142,2025-04-10,CUST10089,Chennai,Tamil Nadu,Sports,Yoga Mat,1,10554.0,0.0,0.0,0,2459.61,Website,UPI,Returning Customer,Returned
ORD101208,2025-04-10,CUST10164,Mumbai,Maharashtra,Electronics,Smartwatch,1,3066.0,0.0,0.0,99,0.0,Marketplace,Cash on Delivery,New Customer,Cancelled
ORD101375,2025-04-10,CUST10110,Indore,Madhya Pradesh,Sports,Running Shoes,1,11803.0,0.0,0.0,99,11902.0,Mobile App,UPI,New Customer,Delivered
ORD100012,2025-04-11,CUST10225,Jaipur,Rajasthan,Fashion,Sneakers,1,717.0,0.05,35.85,49,41.33,Mobile App,Debit Card,Returning Customer,Returned
ORD100239,2025-04-11,CUST10265,Pune,Maharashtra,Beauty,Moisturizer,1,2566.0,0.15,384.9,0,2181.1,Website,Wallet,VIP,Delivered
ORD101577,2025-04-11,CUST10333,Kochi,Kerala,Electronics,Headphones,1,23395.0,0.0,0.0,79,4835.1,Marketplace,UPI,New Customer,Returned
ORD101852,2025-04-11,CUST10163,Indore,Madhya Pradesh,Fashion,T-Shirt,2,8270.0,0.0,0.0,49,16589.0,Mobile App,Credit Card,New Customer,Delivered
ORD101854,2025-04-11,CUST10242,Bengaluru,Karnataka,Home & Kitchen,Air Fryer,2,17663.0,0.1,3532.6,49,31842.4,Mobile App,Credit Card,VIP,Delivered
ORD100227,2025-04-12,CUST10387,Hyderabad,Telangana,Beauty,Hair Dryer,1,361.0,0.0,0.0,49,410.0,Website,Credit Card,Returning Customer,Delivered
ORD101107,2025-04-12,CUST10506,Jaipur,Rajasthan,Fashion,Jeans,2,8738.0,0.0,0.0,0,0.0,Website,Credit Card,Returning Customer,Cancelled
ORD101761,2025-04-12,CUST10089,Kochi,Kerala,Home & Kitchen,Vacuum Cleaner,2,16031.0,0.05,1603.1,149,0.0,Website,UPI,Returning Customer,Cancelled
ORD100048,2025-04-13,CUST10435,Indore,Madhya Pradesh,Fashion,Jeans,1,525.0,0.0,0.0,49,92.39,Marketplace,Credit Card,Returning Customer,Returned
ORD100088,2025-04-13,CUST10131,Delhi,Delhi,Electronics,Headphones,1,39040.0,0.0,0.0,0,39040.0,Mobile App,Credit Card,Returning Customer,Delivered
ORD100311,2025-04-13,CUST10424,Indore,Madhya Pradesh,Electronics,Headphones,1,50389.0,0.0,0.0,79,0.0,Marketplace,Credit Card,New Customer,Cancelled
ORD100516,2025-04-13,CUST10026,Pune,Maharashtra,Electronics,Smartwatch,1,36948.0,0.0,0.0,79,0.0,Marketplace,Debit Card,New Customer,Cancelled
ORD100598,2025-04-13,CUST10403,Jaipur,Rajasthan,Sports,Yoga Mat,1,9299.0,0.0,0.0,49,9348.0,Website,Debit Card,Returning Customer,Delivered
ORD101267,2025-04-13,CUST10491,Lucknow,Uttar Pradesh,Electronics,Smartwatch,2,15562.0,0.0,0.0,0,31124.0,Marketplace,UPI,Returning Customer,Delivered
ORD101496,2025-04-13,CUST10303,Kolkata,West Bengal,Electronics,Headphones,1,53177.0,0.1,5317.7,99,47958.3,Website,Debit Card,Returning Customer,Delivered
ORD101613,2025-04-13,CUST10437,Jaipur,Rajasthan,Sports,Cricket Bat,1,1948.0,0.0,0.0,0,0.0,Mobile App,Net Banking,New Customer,Cancelled
ORD101674,2025-04-13,CUST10420,Lucknow,Uttar Pradesh,Electronics,Headphones,1,23568.0,0.0,0.0,0,23568.0,Website,Credit Card,New Customer,Delivered
ORD100064,2025-04-14,CUST10554,Hyderabad,Telangana,Home & Kitchen,Cookware Set,1,10000.0,0.0,0.0,0,10000.0,Website,Cash on Delivery,Returning Customer,Delivered
ORD100161,2025-04-14,CUST10302,Jaipur,Rajasthan,Beauty,Moisturizer,1,5309.0,0.1,530.9,0,0.0,Mobile App,UPI,New Customer,Cancelled
ORD100411,2025-04-15,CUST10226,Indore,Madhya Pradesh,Sports,Yoga Mat,1,4108.0,0.05,205.4,49,3951.6,Mobile App,Debit Card,New Customer,Delivered
ORD100571,2025-04-15,CUST10582,Indore,Madhya Pradesh,Electronics,Smartphone,1,59545.0,0.0,0.0,0,59545.0,Website,Wallet,Returning Customer,Delivered
ORD100671,2025-04-15,CUST10494,Pune,Maharashtra,Sports,Yoga Mat,1,2169.0,0.15,325.35,149,1992.65,Mobile App,Debit Card,New Customer,Delivered
ORD100929,2025-04-15,CUST10313,Chennai,Tamil Nadu,Beauty,Perfume,2,4592.0,0.1,918.4,49,1393.7,Website,Debit Card,New Customer,Returned
ORD101976,2025-04-15,CUST10340,Kolkata,West Bengal,Electronics,Tablet,1,57566.0,0.0,0.0,49,57615.0,Mobile App,Credit Card,Returning Customer,Delivered
ORD100049,2025-04-16,CUST10508,Ahmedabad,Gujarat,Beauty,Perfume,2,5710.0,0.0,0.0,149,11569.0,Website,UPI,Returning Customer,Delivered
ORD100301,2025-04-16,CUST10371,Chennai,Tamil Nadu,Sports,Yoga Mat,1,4684.0,0.0,0.0,0,4684.0,Marketplace,Debit Card,New Customer,Delivered
ORD100343,2025-04-16,CUST10296,Hyderabad,Telangana,Electronics,Smartwatch,2,39439.0,0.05,3943.9,0,74934.1,Website,Wallet,New Customer,Delivered
ORD100401,2025-04-16,CUST10472,Kochi,Kerala,Home & Kitchen,Mixer,1,1123.0,0.2,224.6,0,898.4,Website,Credit Card,Returning Customer,Delivered
ORD100493,2025-04-16,CUST10286,Lucknow,Uttar Pradesh,Home & Kitchen,Coffee Maker,1,13308.0,0.0,0.0,49,0.0,Website,Credit Card,Returning Customer,Cancelled
ORD100792,2025-04-16,CUST10204,Hyderabad,Telangana,Fashion,Jeans,1,7115.0,0.0,0.0,0,0.0,Website,UPI,Returning Customer,Cancelled
ORD101126,2025-04-16,CUST10518,Kolkata,West Bengal,Fashion,Sneakers,2,3983.0,0.1,796.6,99,0.0,Website,Cash on Delivery,New Customer,Cancelled
ORD101511,2025-04-16,CUST10013,Jaipur,Rajasthan,Beauty,Moisturizer,1,3559.0,0.0,0.0,0,3559.0,Mobile App,UPI,Returning Customer,Delivered
ORD101776,2025-04-16,CUST10306,Chennai,Tamil Nadu,Home & Kitchen,Mixer,2,3356.0,0.0,0.0,149,0.0,Website,UPI,Returning Customer,Cancelled
ORD101851,2025-04-16,CUST10268,Lucknow,Uttar Pradesh,Fashion,Backpack,1,8028.0,0.0,0.0,0,8028.0,Marketplace,Wallet,Returning Customer,Delivered
ORD100267,2025-04-17,CUST10185,Kochi,Kerala,Home & Kitchen,Cookware Set,2,1620.0,0.15,486.0,0,2754.0,Website,Debit Card,New Customer,Delivered
ORD100897,2025-04-17,CUST10345,Hyderabad,Telangana,Electronics,Tablet,2,26240.0,0.0,0.0,149,52629.0,Mobile App,UPI,New Customer,Delivered
ORD101582,2025-04-17,CUST10559,Bengaluru,Karnataka,Beauty,Hair Dryer,1,4538.0,0.0,0.0,79,4617.0,Marketplace,UPI,New Customer,Delivered
ORD100085,2025-04-18,CUST10017,Hyderabad,Telangana,Electronics,Laptop,1,18199.0,0.05,909.95,49,17338.05,Marketplace,Credit Card,New Customer,Delivered
ORD100849,2025-04-18,CUST10419,Jaipur,Rajasthan,Sports,Football,1,3945.0,0.05,197.25,49,366.11,Website,Debit Card,VIP,Returned
ORD100913,2025-04-18,CUST10439,Mumbai,Maharashtra,Fashion,Jacket,1,5039.0,0.1,503.9,0,4535.1,Mobile App,Cash on Delivery,Returning Customer,Delivered
ORD100975,2025-04-18,CUST10327,Bengaluru,Karnataka,Electronics,Laptop,1,38901.0,0.1,3890.1,99,35109.9,Marketplace,Credit Card,Returning Customer,Delivered
ORD101458,2025-04-18,CUST10235,Delhi,Delhi,Fashion,T-Shirt,1,6407.0,0.0,0.0,0,6407.0,Website,Net Banking,Returning Customer,Delivered
ORD101853,2025-04-18,CUST10453,Pune,Maharashtra,Home & Kitchen,Air Fryer,1,13484.0,0.1,1348.4,49,2802.34,Mobile App,Cash on Delivery,VIP,Returned
ORD101957,2025-04-18,CUST10332,Jaipur,Rajasthan,Fashion,Sneakers,1,4341.0,0.1,434.1,49,3955.9,Marketplace,Wallet,New Customer,Delivered
ORD101961,2025-04-18,CUST10076,Mumbai,Maharashtra,Home & Kitchen,Air Fryer,1,10769.0,0.1,1076.9,79,9771.1,Website,Debit Card,Returning Customer,Delivered
ORD100036,2025-04-19,CUST10215,Ahmedabad,Gujarat,Beauty,Face Wash,2,5852.0,0.2,2340.8,0,9363.2,Mobile App,Net Banking,VIP,Delivered
ORD100751,2025-04-19,CUST10376,Jaipur,Rajasthan,Home & Kitchen,Coffee Maker,1,1098.0,0.0,0.0,99,1197.0,Mobile App,Net Banking,New Customer,Delivered
ORD100127,2025-04-20,CUST10454,Mumbai,Maharashtra,Electronics,Headphones,1,49526.0,0.05,2476.3,49,47098.7,Marketplace,Cash on Delivery,New Customer,Delivered
ORD100187,2025-04-20,CUST10375,Mumbai,Maharashtra,Sports,Running Shoes,2,9171.0,0.15,2751.3,0,3045.4,Mobile App,Debit Card,Returning Customer,Returned
ORD100270,2025-04-20,CUST10137,Bengaluru,Karnataka,Home & Kitchen,Coffee Maker,1,9349.0,0.2,1869.8,99,0.0,Website,Cash on Delivery,New Customer,Cancelled
ORD100686,2025-04-20,CUST10274,Lucknow,Uttar Pradesh,Home & Kitchen,Air Fryer,1,5408.0,0.1,540.8,0,759.12,Marketplace,Debit Card,VIP,Returned
ORD100973,2025-04-20,CUST10228,Bengaluru,Karnataka,Fashion,Sneakers,1,3631.0,0.0,0.0,79,3710.0,Mobile App,Credit Card,Returning Customer,Delivered
ORD101575,2025-04-20,CUST10130,Pune,Maharashtra,Fashion,Jacket,1,3326.0,0.0,0.0,49,3375.0,Mobile App,Credit Card,Returning Customer,Delivered
ORD101634,2025-04-20,CUST10058,Kochi,Kerala,Beauty,Face Wash,2,4672.0,0.0,0.0,49,0.0,Mobile App,Net Banking,Returning Customer,Cancelled
ORD101789,2025-04-20,CUST10022,Hyderabad,Telangana,Home & Kitchen,Cookware Set,1,697.0,0.0,0.0,49,0.0,Website,UPI,New Customer,Cancelled
ORD101863,2025-04-20,CUST10164,Kolkata,West Bengal,Beauty,Shampoo,1,1422.0,0.0,0.0,49,1471.0,Website,Credit Card,Returning Customer,Delivered
ORD101864,2025-04-20,CUST10578,Pune,Maharashtra,Electronics,Laptop,1,24858.0,0.0,0.0,0,24858.0,Website,Debit Card,VIP,Delivered
ORD100353,2025-04-21,CUST10131,Hyderabad,Telangana,Beauty,Shampoo,1,3062.0,0.15,459.3,49,2651.7,Mobile App,Debit Card,New Customer,Delivered
ORD100663,2025-04-21,CUST10169,Kolkata,West Bengal,Electronics,Laptop,2,15391.0,0.15,4617.3,0,0.0,Website,Net Banking,Returning Customer,Cancelled
ORD100730,2025-04-21,CUST10128,Pune,Maharashtra,Home & Kitchen,Air Fryer,1,16155.0,0.05,807.75,149,15496.25,Marketplace,Credit Card,Returning Customer,Delivered
ORD101143,2025-04-21,CUST10371,Indore,Madhya Pradesh,Electronics,Laptop,1,17591.0,0.0,0.0,0,17591.0,Marketplace,UPI,Returning Customer,Delivered
ORD101200,2025-04-21,CUST10465,Mumbai,Maharashtra,Electronics,Smartwatch,1,5872.0,0.0,0.0,0,0.0,Website,Cash on Delivery,VIP,Cancelled
ORD101262,2025-04-21,CUST10485,Ahmedabad,Gujarat,Fashion,T-Shirt,1,6669.0,0.0,0.0,99,6768.0,Website,UPI,New Customer,Delivered
ORD101280,2025-04-21,CUST10599,Pune,Maharashtra,Electronics,Headphones,1,25051.0,0.15,3757.65,149,21442.35,Mobile App,Debit Card,Returning Customer,Delivered
ORD101326,2025-04-21,CUST10227,Bengaluru,Karnataka,Sports,Yoga Mat,1,5923.0,0.1,592.3,79,5409.7,Website,UPI,Returning Customer,Delivered
ORD101650,2025-04-21,CUST10376,Pune,Maharashtra,Beauty,Perfume,1,4499.0,0.0,0.0,99,0.0,Mobile App,UPI,Returning Customer,Cancelled
ORD101673,2025-04-21,CUST10317,Delhi,Delhi,Home & Kitchen,Coffee Maker,3,13032.0,0.1,3909.6,149,8795.44,Mobile App,Net Banking,New Customer,Returned
ORD101903,2025-04-21,CUST10584,Mumbai,Maharashtra,Sports,Yoga Mat,1,8386.0,0.0,0.0,149,8535.0,Mobile App,Wallet,New Customer,Delivered
ORD100380,2025-04-22,CUST10401,Kolkata,West Bengal,Beauty,Shampoo,1,2783.0,0.0,0.0,149,2932.0,Mobile App,UPI,New Customer,Delivered
ORD100490,2025-04-22,CUST10052,Lucknow,Uttar Pradesh,Sports,Dumbbells,3,2931.0,0.0,0.0,79,8872.0,Marketplace,Credit Card,Returning Customer,Delivered
ORD100581,2025-04-22,CUST10330,Chennai,Tamil Nadu,Home & Kitchen,Air Fryer,1,3844.0,0.1,384.4,0,3459.6,Website,Credit Card,VIP,Delivered
ORD100710,2025-04-22,CUST10437,Chennai,Tamil Nadu,Beauty,Moisturizer,1,3641.0,0.0,0.0,99,0.0,Website,Cash on Delivery,Returning Customer,Cancelled
ORD100990,2025-04-22,CUST10506,Delhi,Delhi,Electronics,Smartwatch,1,17979.0,0.1,1797.9,0,0.0,Marketplace,Credit Card,Returning Customer,Cancelled
ORD101089,2025-04-22,CUST10394,Pune,Maharashtra,Home & Kitchen,Vacuum Cleaner,1,2371.0,0.0,0.0,99,2470.0,Website,UPI,Returning Customer,Delivered
ORD101101,2025-04-22,CUST10265,Mumbai,Maharashtra,Electronics,Smartphone,1,47405.0,0.0,0.0,49,47454.0,Marketplace,Cash on Delivery,Returning Customer,Delivered
ORD101370,2025-04-22,CUST10474,Jaipur,Rajasthan,Fashion,Jacket,1,7127.0,0.2,1425.4,49,0.0,Marketplace,Credit Card,Returning Customer,Cancelled
ORD101481,2025-04-22,CUST10388,Chennai,Tamil Nadu,Fashion,Sneakers,1,7236.0,0.0,0.0,0,7236.0,Website,Credit Card,Returning Customer,Delivered
ORD100100,2025-04-23,CUST10326,Indore,Madhya Pradesh,Electronics,Tablet,1,8149.0,0.0,0.0,0,0.0,Website,UPI,Returning Customer,Cancelled
ORD100839,2025-04-23,CUST10354,Hyderabad,Telangana,Home & Kitchen,Coffee Maker,1,11247.0,0.05,562.35,0,10684.65,Marketplace,Cash on Delivery,VIP,Delivered
ORD100917,2025-04-23,CUST10204,Hyderabad,Telangana,Home & Kitchen,Air Fryer,1,9439.0,0.05,471.95,49,9016.05,Website,Credit Card,New Customer,Delivered
ORD100966,2025-04-23,CUST10037,Delhi,Delhi,Beauty,Hair Dryer,2,3170.0,0.0,0.0,149,6489.0,Website,UPI,New Customer,Delivered
ORD101027,2025-04-23,CUST10194,Pune,Maharashtra,Beauty,Face Wash,1,5559.0,0.0,0.0,99,5658.0,Website,Credit Card,New Customer,Delivered
ORD100123,2025-04-24,CUST10345,Indore,Madhya Pradesh,Fashion,Jeans,1,7546.0,0.15,1131.9,79,6493.1,Mobile App,Debit Card,New Customer,Delivered
ORD100241,2025-04-24,CUST10041,Jaipur,Rajasthan,Home & Kitchen,Vacuum Cleaner,2,15854.0,0.2,6341.6,0,25366.4,Website,UPI,New Customer,Delivered
ORD100843,2025-04-24,CUST10199,Hyderabad,Telangana,Fashion,Jeans,1,8794.0,0.2,1758.8,0,0.0,Website,Credit Card,Returning Customer,Cancelled
ORD101581,2025-04-24,CUST10337,Jaipur,Rajasthan,Sports,Football,1,10668.0,0.1,1066.8,79,0.0,Mobile App,Cash on Delivery,Returning Customer,Cancelled
ORD101608,2025-04-24,CUST10498,Pune,Maharashtra,Fashion,Backpack,2,2425.0,0.0,0.0,0,4850.0,Website,UPI,New Customer,Delivered
ORD101949,2025-04-24,CUST10461,Delhi,Delhi,Home & Kitchen,Air Fryer,1,1670.0,0.0,0.0,0,1670.0,Website,Credit Card,VIP,Delivered
ORD101956,2025-04-24,CUST10364,Lucknow,Uttar Pradesh,Home & Kitchen,Vacuum Cleaner,1,3788.0,0.05,189.4,0,3598.6,Mobile App,UPI,Returning Customer,Delivered
ORD100273,2025-04-25,CUST10118,Kochi,Kerala,Electronics,Laptop,1,34086.0,0.05,1704.3,0,3352.16,Website,Wallet,Returning Customer,Returned
ORD100777,2025-04-25,CUST10522,Kolkata,West Bengal,Fashion,T-Shirt,1,3073.0,0.2,614.6,99,2557.4,Marketplace,Cash on Delivery,New Customer,Delivered
ORD100922,2025-04-25,CUST10514,Delhi,Delhi,Beauty,Face Wash,1,862.0,0.0,0.0,79,134.59,Mobile App,Credit Card,New Customer,Returned
ORD101568,2025-04-25,CUST10176,Kochi,Kerala,Home & Kitchen,Mixer,1,12232.0,0.0,0.0,0,2093.9,Website,Wallet,Returning Customer,Returned
ORD101586,2025-04-25,CUST10145,Bengaluru,Karnataka,Sports,Running Shoes,1,8108.0,0.0,0.0,49,8157.0,Mobile App,UPI,Returning Customer,Delivered
ORD101729,2025-04-25,CUST10055,Chennai,Tamil Nadu,Sports,Dumbbells,1,3837.0,0.1,383.7,0,258.93,Marketplace,Wallet,Returning Customer,Returned
ORD100017,2025-04-26,CUST10112,Kolkata,West Bengal,Home & Kitchen,Mixer,1,3329.0,0.15,499.35,79,2908.65,Website,Debit Card,New Customer,Delivered
ORD100309,2025-04-26,CUST10417,Kolkata,West Bengal,Electronics,Smartphone,1,30814.0,0.1,3081.4,0,27732.6,Marketplace,Wallet,VIP,Delivered
ORD100465,2025-04-26,CUST10070,Lucknow,Uttar Pradesh,Sports,Yoga Mat,1,1088.0,0.0,0.0,49,1137.0,Website,Credit Card,New Customer,Delivered
ORD100980,2025-04-26,CUST10016,Hyderabad,Telangana,Home & Kitchen,Mixer,1,5151.0,0.0,0.0,79,947.91,Website,UPI,New Customer,Returned
ORD101299,2025-04-26,CUST10593,Ahmedabad,Gujarat,Fashion,Jeans,1,1808.0,0.0,0.0,79,1887.0,Website,Cash on Delivery,New Customer,Delivered
ORD101454,2025-04-26,CUST10302,Pune,Maharashtra,Electronics,Smartphone,3,13336.0,0.05,2000.4,99,38106.6,Website,UPI,VIP,Delivered
ORD101598,2025-04-26,CUST10096,Indore,Madhya Pradesh,Home & Kitchen,Coffee Maker,1,8927.0,0.05,446.35,0,8480.65,Marketplace,Debit Card,Returning Customer,Delivered
ORD100040,2025-04-27,CUST10080,Pune,Maharashtra,Home & Kitchen,Mixer,3,713.0,0.2,427.8,0,0.0,Mobile App,Wallet,New Customer,Cancelled
ORD100209,2025-04-27,CUST10476,Indore,Madhya Pradesh,Fashion,Sneakers,1,3440.0,0.0,0.0,0,715.87,Website,Debit Card,Returning Customer,Returned
ORD100960,2025-04-27,CUST10154,Jaipur,Rajasthan,Sports,Running Shoes,1,3018.0,0.05,150.9,0,0.0,Website,UPI,New Customer,Cancelled
ORD101075,2025-04-27,CUST10536,Mumbai,Maharashtra,Sports,Running Shoes,2,10028.0,0.05,1002.8,0,19053.2,Website,Debit Card,New Customer,Delivered
ORD101082,2025-04-27,CUST10195,Pune,Maharashtra,Home & Kitchen,Air Fryer,1,10869.0,0.0,0.0,0,0.0,Website,Cash on Delivery,VIP,Cancelled
ORD101303,2025-04-27,CUST10308,Bengaluru,Karnataka,Sports,Football,2,7558.0,0.0,0.0,49,15165.0,Website,Credit Card,Returning Customer,Delivered
ORD100358,2025-04-28,CUST10438,Bengaluru,Karnataka,Beauty,Face Wash,1,5601.0,0.1,560.1,0,5040.9,Mobile App,Cash on Delivery,New Customer,Delivered
ORD100536,2025-04-28,CUST10080,Kolkata,West Bengal,Home & Kitchen,Mixer,1,5510.0,0.0,0.0,79,1201.1,Marketplace,Credit Card,Returning Customer,Returned
ORD101148,2025-04-28,CUST10294,Chennai,Tamil Nadu,Sports,Running Shoes,1,7469.0,0.0,0.0,0,0.0,Mobile App,UPI,VIP,Cancelled
ORD101657,2025-04-28,CUST10592,Bengaluru,Karnataka,Home & Kitchen,Cookware Set,1,5577.0,0.0,0.0,0,878.1,Website,UPI,New Customer,Returned
ORD100044,2025-04-29,CUST10282,Hyderabad,Telangana,Sports,Cricket Bat,1,9442.0,0.0,0.0,149,9591.0,Website,Wallet,Returning Customer,Delivered
ORD100078,2025-04-29,CUST10053,Mumbai,Maharashtra,Electronics,Laptop,1,40833.0,0.0,0.0,49,40882.0,Website,Wallet,Returning Customer,Delivered
ORD100368,2025-04-29,CUST10554,Mumbai,Maharashtra,Fashion,Jacket,1,581.0,0.15,87.15,99,0.0,Website,Cash on Delivery,Returning Customer,Cancelled
ORD100691,2025-04-29,CUST10472,Ahmedabad,Gujarat,Beauty,Moisturizer,1,1907.0,0.0,0.0,79,0.0,Website,UPI,New Customer,Cancelled
ORD101433,2025-04-29,CUST10070,Bengaluru,Karnataka,Home & Kitchen,Vacuum Cleaner,1,5496.0,0.0,0.0,49,5545.0,Mobile App,UPI,Returning Customer,Delivered
ORD101574,2025-04-29,CUST10487,Mumbai,Maharashtra,Beauty,Face Wash,1,901.0,0.0,0.0,79,0.0,Mobile App,Credit Card,Returning Customer,Cancelled
ORD101923,2025-04-29,CUST10402,Chennai,Tamil Nadu,Fashion,Backpack,1,2079.0,0.0,0.0,0,2079.0,Website,Cash on Delivery,Returning Customer,Delivered
ORD101978,2025-04-29,CUST10333,Kochi,Kerala,Electronics,Smartphone,1,53429.0,0.2,10685.8,49,42792.2,Website,Net Banking,Returning Customer,Delivered
ORD100102,2025-04-30,CUST10227,Pune,Maharashtra,Fashion,T-Shirt,1,7895.0,0.2,1579.0,149,6465.0,Mobile App,Credit Card,New Customer,Delivered
ORD100189,2025-04-30,CUST10576,Pune,Maharashtra,Sports,Running Shoes,1,1408.0,0.0,0.0,99,204.71,Mobile App,Debit Card,Returning Customer,Returned
ORD100963,2025-04-30,CUST10261,Ahmedabad,Gujarat,Fashion,T-Shirt,1,7579.0,0.0,0.0,99,7678.0,Mobile App,Cash on Delivery,Returning Customer,Delivered
ORD101024,2025-04-30,CUST10518,Lucknow,Uttar Pradesh,Sports,Football,1,5382.0,0.15,807.3,99,4673.7,Marketplace,UPI,New Customer,Delivered
ORD101975,2025-04-30,CUST10190,Lucknow,Uttar Pradesh,Electronics,Smartwatch,1,42643.0,0.15,6396.45,49,0.0,Marketplace,UPI,New Customer,Cancelled
ORD100119,2025-05-01,CUST10156,Kochi,Kerala,Fashion,Jacket,1,3468.0,0.05,173.4,99,3393.6,Marketplace,Debit Card,Returning Customer,Delivered
ORD100334,2025-05-01,CUST10483,Kochi,Kerala,Electronics,Laptop,1,3955.0,0.0,0.0,49,4004.0,Website,Debit Card,New Customer,Delivered
ORD100558,2025-05-01,CUST10555,Chennai,Tamil Nadu,Sports,Cricket Bat,1,3472.0,0.15,520.8,99,3050.2,Website,UPI,Returning Customer,Delivered
ORD101122,2025-05-01,CUST10079,Pune,Maharashtra,Home & Kitchen,Coffee Maker,1,4618.0,0.05,230.9,149,0.0,Website,UPI,Returning Customer,Cancelled
ORD101344,2025-05-01,CUST10220,Hyderabad,Telangana,Electronics,Smartwatch,2,6112.0,0.0,0.0,0,12224.0,Marketplace,Net Banking,Returning Customer,Delivered
ORD101360,2025-05-01,CUST10549,Chennai,Tamil Nadu,Home & Kitchen,Cookware Set,1,16030.0,0.2,3206.0,49,12873.0,Website,Debit Card,Returning Customer,Delivered
ORD100205,2025-05-02,CUST10201,Hyderabad,Telangana,Home & Kitchen,Cookware Set,1,17229.0,0.0,0.0,99,17328.0,Marketplace,UPI,VIP,Delivered
ORD100280,2025-05-02,CUST10348,Indore,Madhya Pradesh,Home & Kitchen,Vacuum Cleaner,1,16763.0,0.0,0.0,99,16862.0,Mobile App,UPI,New Customer,Delivered
ORD100925,2025-05-02,CUST10212,Mumbai,Maharashtra,Beauty,Moisturizer,1,5998.0,0.0,0.0,79,6077.0,Website,Cash on Delivery,Returning Customer,Delivered
ORD101329,2025-05-02,CUST10455,Mumbai,Maharashtra,Sports,Running Shoes,1,6966.0,0.2,1393.2,49,5621.8,Website,Debit Card,Returning Customer,Delivered
ORD101549,2025-05-02,CUST10375,Lucknow,Uttar Pradesh,Electronics,Headphones,1,49699.0,0.05,2484.95,0,0.0,Mobile App,UPI,VIP,Cancelled
ORD100487,2025-05-03,CUST10389,Mumbai,Maharashtra,Electronics,Smartphone,2,25316.0,0.05,2531.6,49,48149.4,Mobile App,Wallet,VIP,Delivered
ORD101440,2025-05-04,CUST10423,Delhi,Delhi,Home & Kitchen,Coffee Maker,2,15368.0,0.05,1536.8,49,29248.2,Mobile App,Net Banking,VIP,Delivered
ORD101543,2025-05-04,CUST10541,Kolkata,West Bengal,Home & Kitchen,Cookware Set,1,7412.0,0.1,741.2,79,6749.8,Website,Net Banking,Returning Customer,Delivered
ORD101642,2025-05-04,CUST10414,Kolkata,West Bengal,Fashion,T-Shirt,1,2484.0,0.15,372.6,149,0.0,Mobile App,UPI,Returning Customer,Cancelled
ORD101684,2025-05-04,CUST10405,Pune,Maharashtra,Home & Kitchen,Air Fryer,1,14632.0,0.0,0.0,99,14731.0,Website,UPI,VIP,Delivered
ORD100135,2025-05-05,CUST10580,Lucknow,Uttar Pradesh,Fashion,Sneakers,1,6355.0,0.2,1271.0,0,5084.0,Mobile App,Debit Card,New Customer,Delivered
ORD100290,2025-05-05,CUST10450,Hyderabad,Telangana,Fashion,Backpack,1,5396.0,0.2,1079.2,79,4395.8,Mobile App,Credit Card,New Customer,Delivered
ORD100758,2025-05-05,CUST10580,Chennai,Tamil Nadu,Electronics,Smartphone,2,34882.0,0.0,0.0,49,69813.0,Mobile App,UPI,New Customer,Delivered
ORD101339,2025-05-05,CUST10530,Hyderabad,Telangana,Electronics,Tablet,1,28196.0,0.0,0.0,49,28245.0,Website,UPI,New Customer,Delivered
ORD101584,2025-05-05,CUST10030,Delhi,Delhi,Fashion,T-Shirt,2,8811.0,0.05,881.1,99,1114.16,Website,Cash on Delivery,VIP,Returned
ORD101707,2025-05-05,CUST10090,Hyderabad,Telangana,Home & Kitchen,Mixer,2,9432.0,0.0,0.0,79,18943.0,Mobile App,Wallet,Returning Customer,Delivered
ORD101859,2025-05-05,CUST10116,Jaipur,Rajasthan,Sports,Yoga Mat,1,5267.0,0.0,0.0,99,5366.0,Website,Credit Card,New Customer,Delivered
ORD101869,2025-05-05,CUST10121,Kochi,Kerala,Beauty,Face Wash,1,1575.0,0.0,0.0,0,1575.0,Website,Credit Card,Returning Customer,Delivered
ORD101933,2025-05-05,CUST10106,Hyderabad,Telangana,Home & Kitchen,Cookware Set,1,11856.0,0.0,0.0,0,11856.0,Marketplace,UPI,New Customer,Delivered
ORD100203,2025-05-06,CUST10440,Lucknow,Uttar Pradesh,Electronics,Tablet,1,7211.0,0.15,1081.65,49,6178.35,Marketplace,Credit Card,Returning Customer,Delivered
ORD100494,2025-05-06,CUST10484,Chennai,Tamil Nadu,Sports,Yoga Mat,2,4465.0,0.0,0.0,99,9029.0,Mobile App,Debit Card,New Customer,Delivered
ORD100755,2025-05-06,CUST10254,Ahmedabad,Gujarat,Electronics,Smartphone,3,26016.0,0.0,0.0,0,13415.6,Mobile App,UPI,Returning Customer,Returned
ORD101244,2025-05-06,CUST10110,Jaipur,Rajasthan,Home & Kitchen,Coffee Maker,1,7591.0,0.2,1518.2,49,0.0,Website,Credit Card,VIP,Cancelled
ORD101337,2025-05-06,CUST10144,Pune,Maharashtra,Electronics,Headphones,1,11195.0,0.15,1679.25,0,9515.75,Mobile App,Credit Card,Returning Customer,Delivered
ORD101691,2025-05-06,CUST10412,Indore,Madhya Pradesh,Home & Kitchen,Coffee Maker,1,15927.0,0.0,0.0,0,15927.0,Website,UPI,New Customer,Delivered
ORD101768,2025-05-06,CUST10092,Kolkata,West Bengal,Electronics,Smartwatch,1,32391.0,0.1,3239.1,0,29151.9,Website,Credit Card,New Customer,Delivered
ORD100333,2025-05-07,CUST10459,Ahmedabad,Gujarat,Fashion,Jeans,1,6091.0,0.05,304.55,0,5786.45,Website,Cash on Delivery,VIP,Delivered
ORD100505,2025-05-07,CUST10248,Jaipur,Rajasthan,Electronics,Smartwatch,1,22656.0,0.0,0.0,99,22755.0,Mobile App,Wallet,New Customer,Delivered
ORD101460,2025-05-07,CUST10510,Chennai,Tamil Nadu,Electronics,Laptop,1,40431.0,0.1,4043.1,0,36387.9,Website,Credit Card,Returning Customer,Delivered
ORD100071,2025-05-08,CUST10501,Jaipur,Rajasthan,Home & Kitchen,Air Fryer,1,8418.0,0.0,0.0,0,8418.0,Marketplace,Credit Card,Returning Customer,Delivered
ORD100614,2025-05-08,CUST10560,Indore,Madhya Pradesh,Home & Kitchen,Coffee Maker,1,6112.0,0.2,1222.4,79,4968.6,Website,Debit Card,Returning Customer,Delivered
ORD100840,2025-05-08,CUST10557,Ahmedabad,Gujarat,Beauty,Face Wash,2,5728.0,0.0,0.0,99,11555.0,Website,Cash on Delivery,Returning Customer,Delivered
ORD101031,2025-05-08,CUST10081,Hyderabad,Telangana,Sports,Football,2,11649.0,0.05,1164.9,0,0.0,Website,Cash on Delivery,Returning Customer,Cancelled
ORD101171,2025-05-08,CUST10309,Kochi,Kerala,Electronics,Headphones,1,51011.0,0.0,0.0,79,7944.7,Website,Cash on Delivery,New Customer,Returned
ORD101611,2025-05-08,CUST10457,Mumbai,Maharashtra,Fashion,Jacket,1,2523.0,0.2,504.6,99,0.0,Marketplace,Credit Card,VIP,Cancelled
ORD100015,2025-05-09,CUST10263,Kolkata,West Bengal,Home & Kitchen,Cookware Set,1,13366.0,0.0,0.0,49,13415.0,Mobile App,Cash on Delivery,Returning Customer,Delivered
ORD100027,2025-05-09,CUST10488,Kochi,Kerala,Beauty,Face Wash,1,1150.0,0.0,0.0,49,1199.0,Marketplace,Debit Card,Returning Customer,Delivered
ORD100269,2025-05-09,CUST10061,Hyderabad,Telangana,Home & Kitchen,Vacuum Cleaner,1,4874.0,0.05,243.7,49,0.0,Website,Cash on Delivery,Returning Customer,Cancelled
ORD100383,2025-05-09,CUST10546,Chennai,Tamil Nadu,Fashion,Sneakers,1,1816.0,0.0,0.0,99,1915.0,Mobile App,Debit Card,Returning Customer,Delivered
ORD101442,2025-05-09,CUST10319,Pune,Maharashtra,Electronics,Tablet,1,51418.0,0.1,5141.8,0,46276.2,Marketplace,Credit Card,New Customer,Delivered
ORD101550,2025-05-09,CUST10003,Pune,Maharashtra,Electronics,Smartwatch,1,44918.0,0.05,2245.9,49,42721.1,Website,UPI,Returning Customer,Delivered
ORD101803,2025-05-09,CUST10024,Hyderabad,Telangana,Fashion,Backpack,2,6706.0,0.2,2682.4,0,10729.6,Mobile App,Cash on Delivery,Returning Customer,Delivered
ORD100502,2025-05-10,CUST10503,Chennai,Tamil Nadu,Sports,Football,1,5179.0,0.0,0.0,49,5228.0,Marketplace,Cash on Delivery,Returning Customer,Delivered
ORD100538,2025-05-10,CUST10276,Jaipur,Rajasthan,Beauty,Perfume,1,2869.0,0.05,143.45,49,2774.55,Marketplace,Debit Card,New Customer,Delivered
ORD101832,2025-05-10,CUST10473,Bengaluru,Karnataka,Sports,Running Shoes,1,1688.0,0.0,0.0,0,278.97,Mobile App,UPI,New Customer,Returned
ORD100181,2025-05-11,CUST10227,Chennai,Tamil Nadu,Electronics,Tablet,1,46954.0,0.15,7043.1,0,0.0,Website,Cash on Delivery,Returning Customer,Cancelled
ORD100649,2025-05-11,CUST10331,Jaipur,Rajasthan,Sports,Football,1,7166.0,0.05,358.3,79,1402.26,Website,Debit Card,Returning Customer,Returned
ORD101028,2025-05-11,CUST10434,Ahmedabad,Gujarat,Home & Kitchen,Mixer,1,14554.0,0.05,727.7,49,2783.98,Website,Cash on Delivery,New Customer,Returned
ORD101801,2025-05-11,CUST10201,Pune,Maharashtra,Beauty,Perfume,1,2483.0,0.15,372.45,0,0.0,Website,Net Banking,New Customer,Cancelled
ORD101947,2025-05-11,CUST10271,Delhi,Delhi,Beauty,Perfume,1,1899.0,0.0,0.0,0,1899.0,Mobile App,Net Banking,New Customer,Delivered
ORD101972,2025-05-11,CUST10455,Ahmedabad,Gujarat,Fashion,Jacket,3,4441.0,0.1,1332.3,0,2495.57,Marketplace,Cash on Delivery,New Customer,Returned
ORD100569,2025-05-12,CUST10176,Lucknow,Uttar Pradesh,Electronics,Smartphone,1,46276.0,0.0,0.0,99,46375.0,Website,UPI,Returning Customer,Delivered
ORD100689,2025-05-12,CUST10034,Mumbai,Maharashtra,Home & Kitchen,Air Fryer,1,17003.0,0.1,1700.3,0,15302.7,Website,Credit Card,Returning Customer,Delivered
ORD100829,2025-05-12,CUST10141,Kolkata,West Bengal,Electronics,Smartphone,1,20334.0,0.0,0.0,0,20334.0,Marketplace,Credit Card,New Customer,Delivered
ORD101418,2025-05-12,CUST10130,Pune,Maharashtra,Electronics,Headphones,1,39003.0,0.0,0.0,0,39003.0,Mobile App,UPI,VIP,Delivered
ORD101821,2025-05-12,CUST10246,Kochi,Kerala,Fashion,T-Shirt,1,535.0,0.0,0.0,0,535.0,Marketplace,Debit Card,Returning Customer,Delivered
ORD100243,2025-05-13,CUST10109,Kolkata,West Bengal,Sports,Yoga Mat,1,9474.0,0.0,0.0,49,9523.0,Mobile App,UPI,New Customer,Delivered
ORD100458,2025-05-13,CUST10586,Lucknow,Uttar Pradesh,Home & Kitchen,Vacuum Cleaner,1,619.0,0.1,61.9,49,606.1,Mobile App,Debit Card,Returning Customer,Delivered
ORD100673,2025-05-13,CUST10115,Kochi,Kerala,Home & Kitchen,Coffee Maker,1,12546.0,0.05,627.3,149,0.0,Website,UPI,New Customer,Cancelled
ORD101778,2025-05-13,CUST10437,Indore,Madhya Pradesh,Fashion,Jeans,2,534.0,0.05,53.4,0,1014.6,Mobile App,Cash on Delivery,New Customer,Delivered
ORD101879,2025-05-13,CUST10173,Chennai,Tamil Nadu,Home & Kitchen,Coffee Maker,1,17410.0,0.05,870.5,0,16539.5,Marketplace,UPI,New Customer,Delivered
ORD101910,2025-05-13,CUST10213,Mumbai,Maharashtra,Fashion,Sneakers,1,6203.0,0.1,620.3,99,5681.7,Marketplace,Net Banking,New Customer,Delivered
ORD100229,2025-05-14,CUST10012,Delhi,Delhi,Electronics,Smartphone,1,22054.0,0.0,0.0,79,22133.0,Website,UPI,Returning Customer,Delivered
ORD100625,2025-05-14,CUST10235,Indore,Madhya Pradesh,Beauty,Face Wash,1,1983.0,0.05,99.15,0,246.6,Website,Debit Card,VIP,Returned
ORD100711,2025-05-14,CUST10196,Bengaluru,Karnataka,Home & Kitchen,Coffee Maker,1,4726.0,0.05,236.3,49,4538.7,Marketplace,Credit Card,Returning Customer,Delivered
ORD100889,2025-05-14,CUST10190,Kolkata,West Bengal,Electronics,Smartwatch,3,6462.0,0.0,0.0,99,19485.0,Website,Cash on Delivery,New Customer,Delivered
ORD101110,2025-05-14,CUST10599,Jaipur,Rajasthan,Electronics,Tablet,1,6592.0,0.0,0.0,79,6671.0,Mobile App,Wallet,Returning Customer,Delivered
ORD101291,2025-05-14,CUST10537,Jaipur,Rajasthan,Sports,Yoga Mat,1,6784.0,0.0,0.0,0,6784.0,Marketplace,Debit Card,Returning Customer,Delivered
ORD101396,2025-05-14,CUST10240,Lucknow,Uttar Pradesh,Home & Kitchen,Mixer,1,3209.0,0.0,0.0,79,3288.0,Mobile App,Debit Card,Returning Customer,Delivered
ORD101446,2025-05-14,CUST10377,Ahmedabad,Gujarat,Home & Kitchen,Air Fryer,1,12151.0,0.15,1822.65,79,10407.35,Marketplace,Wallet,Returning Customer,Delivered
ORD101455,2025-05-14,CUST10443,Chennai,Tamil Nadu,Fashion,T-Shirt,1,3769.0,0.1,376.9,0,482.34,Mobile App,Wallet,New Customer,Returned
ORD100954,2025-05-15,CUST10498,Chennai,Tamil Nadu,Electronics,Smartphone,1,14464.0,0.0,0.0,0,14464.0,Mobile App,UPI,New Customer,Delivered
ORD101181,2025-05-15,CUST10399,Ahmedabad,Gujarat,Electronics,Laptop,1,18951.0,0.0,0.0,0,18951.0,Website,Cash on Delivery,Returning Customer,Delivered
ORD101621,2025-05-15,CUST10477,Indore,Madhya Pradesh,Electronics,Laptop,2,61852.0,0.1,12370.4,49,0.0,Mobile App,Cash on Delivery,New Customer,Cancelled
ORD100130,2025-05-16,CUST10090,Mumbai,Maharashtra,Home & Kitchen,Vacuum Cleaner,1,11181.0,0.1,1118.1,0,10062.9,Website,UPI,Returning Customer,Delivered
ORD100681,2025-05-16,CUST10516,Pune,Maharashtra,Beauty,Moisturizer,1,3014.0,0.05,150.7,79,2942.3,Marketplace,UPI,VIP,Delivered
ORD100771,2025-05-16,CUST10160,Mumbai,Maharashtra,Home & Kitchen,Vacuum Cleaner,1,4885.0,0.0,0.0,49,0.0,Website,Wallet,New Customer,Cancelled
ORD101447,2025-05-16,CUST10241,Mumbai,Maharashtra,Home & Kitchen,Vacuum Cleaner,1,5193.0,0.0,0.0,49,0.0,Website,Credit Card,New Customer,Cancelled
ORD101704,2025-05-16,CUST10024,Hyderabad,Telangana,Beauty,Moisturizer,2,3825.0,0.15,1147.5,79,6581.5,Website,UPI,Returning Customer,Delivered
ORD100070,2025-05-17,CUST10537,Hyderabad,Telangana,Home & Kitchen,Mixer,1,14286.0,0.05,714.3,0,13571.7,Marketplace,Wallet,Returning Customer,Delivered
ORD100315,2025-05-17,CUST10537,Bengaluru,Karnataka,Sports,Yoga Mat,1,8667.0,0.0,0.0,0,0.0,Marketplace,UPI,New Customer,Cancelled
ORD100488,2025-05-17,CUST10114,Lucknow,Uttar Pradesh,Electronics,Tablet,1,31183.0,0.15,4677.45,0,0.0,Mobile App,UPI,Returning Customer,Cancelled
ORD100518,2025-05-17,CUST10053,Lucknow,Uttar Pradesh,Electronics,Tablet,1,64301.0,0.0,0.0,79,64380.0,Website,Credit Card,Returning Customer,Delivered
ORD101736,2025-05-17,CUST10078,Lucknow,Uttar Pradesh,Electronics,Tablet,1,13282.0,0.0,0.0,0,2868.08,Mobile App,Credit Card,VIP,Returned
ORD100246,2025-05-18,CUST10342,Chennai,Tamil Nadu,Electronics,Tablet,1,13790.0,0.0,0.0,49,13839.0,Mobile App,Wallet,New Customer,Delivered
ORD100795,2025-05-18,CUST10310,Jaipur,Rajasthan,Home & Kitchen,Vacuum Cleaner,1,2180.0,0.0,0.0,0,146.87,Mobile App,Net Banking,New Customer,Returned
ORD101108,2025-05-18,CUST10329,Bengaluru,Karnataka,Fashion,T-Shirt,3,2172.0,0.1,651.6,0,5864.4,Mobile App,Credit Card,New Customer,Delivered
ORD101246,2025-05-18,CUST10063,Pune,Maharashtra,Home & Kitchen,Vacuum Cleaner,1,9898.0,0.0,0.0,49,9947.0,Website,UPI,Returning Customer,Delivered
ORD101295,2025-05-18,CUST10284,Jaipur,Rajasthan,Beauty,Face Wash,1,5574.0,0.0,0.0,79,5653.0,Marketplace,Net Banking,Returning Customer,Delivered
ORD101510,2025-05-18,CUST10129,Lucknow,Uttar Pradesh,Home & Kitchen,Coffee Maker,2,7162.0,0.05,716.2,0,13607.8,Mobile App,Net Banking,Returning Customer,Delivered
ORD100154,2025-05-19,CUST10261,Bengaluru,Karnataka,Beauty,Shampoo,3,5668.0,0.1,1700.4,49,15352.6,Mobile App,Cash on Delivery,New Customer,Delivered
ORD100533,2025-05-19,CUST10348,Pune,Maharashtra,Home & Kitchen,Cookware Set,1,880.0,0.05,44.0,0,126.05,Website,Credit Card,Returning Customer,Returned
ORD100585,2025-05-19,CUST10106,Bengaluru,Karnataka,Sports,Dumbbells,1,5135.0,0.05,256.75,79,4957.25,Website,Credit Card,New Customer,Delivered
ORD100907,2025-05-19,CUST10312,Kolkata,West Bengal,Home & Kitchen,Air Fryer,1,9111.0,0.0,0.0,79,9190.0,Mobile App,Debit Card,VIP,Delivered
ORD101100,2025-05-19,CUST10567,Delhi,Delhi,Fashion,Jacket,1,744.0,0.0,0.0,0,744.0,Website,Credit Card,Returning Customer,Delivered
ORD101518,2025-05-19,CUST10507,Hyderabad,Telangana,Electronics,Laptop,1,60607.0,0.15,9091.05,49,51564.95,Mobile App,Debit Card,New Customer,Delivered
ORD101966,2025-05-19,CUST10198,Kochi,Kerala,Home & Kitchen,Vacuum Cleaner,1,3981.0,0.0,0.0,0,660.48,Mobile App,UPI,New Customer,Returned
ORD100288,2025-05-20,CUST10351,Bengaluru,Karnataka,Sports,Cricket Bat,1,9104.0,0.15,1365.6,99,0.0,Website,Credit Card,New Customer,Cancelled
ORD100317,2025-05-20,CUST10578,Bengaluru,Karnataka,Fashion,Jeans,2,3099.0,0.1,619.8,0,5578.2,Website,Credit Card,Returning Customer,Delivered
ORD101121,2025-05-20,CUST10387,Lucknow,Uttar Pradesh,Fashion,Sneakers,3,4118.0,0.05,617.7,149,11885.3,Website,Credit Card,Returning Customer,Delivered
ORD100256,2025-05-21,CUST10404,Jaipur,Rajasthan,Home & Kitchen,Vacuum Cleaner,2,13336.0,0.0,0.0,99,4556.97,Website,UPI,Returning Customer,Returned
ORD100336,2025-05-21,CUST10520,Kochi,Kerala,Fashion,Jacket,2,7329.0,0.0,0.0,0,0.0,Marketplace,UPI,Returning Customer,Cancelled
ORD100522,2025-05-21,CUST10101,Ahmedabad,Gujarat,Sports,Yoga Mat,2,1209.0,0.0,0.0,0,2418.0,Mobile App,UPI,Returning Customer,Delivered
ORD100715,2025-05-21,CUST10008,Ahmedabad,Gujarat,Electronics,Headphones,2,9806.0,0.05,980.6,49,18680.4,Mobile App,Debit Card,Returning Customer,Delivered
ORD101206,2025-05-21,CUST10065,Jaipur,Rajasthan,Home & Kitchen,Air Fryer,2,4792.0,0.1,958.4,0,8625.6,Website,Credit Card,Returning Customer,Delivered
ORD100670,2025-05-22,CUST10439,Bengaluru,Karnataka,Fashion,T-Shirt,1,3188.0,0.2,637.6,0,2550.4,Website,Credit Card,VIP,Delivered
ORD100884,2025-05-22,CUST10531,Hyderabad,Telangana,Fashion,Backpack,1,545.0,0.05,27.25,79,596.75,Mobile App,Debit Card,Returning Customer,Delivered
ORD101114,2025-05-22,CUST10125,Pune,Maharashtra,Home & Kitchen,Vacuum Cleaner,3,15157.0,0.0,0.0,0,45471.0,Mobile App,Cash on Delivery,VIP,Delivered
ORD101165,2025-05-22,CUST10126,Bengaluru,Karnataka,Electronics,Smartwatch,3,38949.0,0.15,17527.05,0,99319.95,Website,Cash on Delivery,New Customer,Delivered
ORD101823,2025-05-22,CUST10230,Mumbai,Maharashtra,Sports,Running Shoes,1,11657.0,0.05,582.85,0,0.0,Website,UPI,Returning Customer,Cancelled
ORD100024,2025-05-23,CUST10575,Mumbai,Maharashtra,Beauty,Perfume,1,790.0,0.05,39.5,0,750.5,Marketplace,Cash on Delivery,Returning Customer,Delivered
ORD100126,2025-05-23,CUST10473,Hyderabad,Telangana,Home & Kitchen,Mixer,1,11172.0,0.05,558.6,49,0.0,Mobile App,Debit Card,Returning Customer,Cancelled
ORD100972,2025-05-23,CUST10250,Bengaluru,Karnataka,Home & Kitchen,Air Fryer,1,10012.0,0.15,1501.8,99,8609.2,Website,Credit Card,New Customer,Delivered
ORD101522,2025-05-23,CUST10033,Pune,Maharashtra,Beauty,Face Wash,1,4369.0,0.15,655.35,0,3713.65,Marketplace,Wallet,Returning Customer,Delivered
ORD101892,2025-05-23,CUST10259,Ahmedabad,Gujarat,Fashion,T-Shirt,1,534.0,0.0,0.0,149,0.0,Website,Debit Card,Returning Customer,Cancelled
ORD100952,2025-05-24,CUST10207,Lucknow,Uttar Pradesh,Sports,Football,1,1808.0,0.0,0.0,0,1808.0,Website,Net Banking,New Customer,Delivered
ORD101010,2025-05-24,CUST10308,Indore,Madhya Pradesh,Electronics,Laptop,1,54993.0,0.15,8248.95,0,46744.05,Mobile App,Credit Card,New Customer,Delivered
ORD101485,2025-05-24,CUST10531,Ahmedabad,Gujarat,Home & Kitchen,Coffee Maker,1,785.0,0.0,0.0,49,834.0,Website,Credit Card,New Customer,Delivered
ORD101806,2025-05-24,CUST10418,Lucknow,Uttar Pradesh,Home & Kitchen,Vacuum Cleaner,1,10587.0,0.15,1588.05,99,1001.58,Website,Credit Card,New Customer,Returned
ORD100038,2025-05-25,CUST10445,Pune,Maharashtra,Home & Kitchen,Mixer,2,17755.0,0.1,3551.0,49,32008.0,Website,Net Banking,New Customer,Delivered
ORD101012,2025-05-25,CUST10476,Mumbai,Maharashtra,Home & Kitchen,Vacuum Cleaner,2,8332.0,0.15,2499.6,49,14213.4,Website,UPI,Returning Customer,Delivered
ORD101783,2025-05-25,CUST10078,Delhi,Delhi,Home & Kitchen,Cookware Set,2,10555.0,0.0,0.0,0,4990.48,Website,Net Banking,New Customer,Returned
ORD100665,2025-05-26,CUST10296,Lucknow,Uttar Pradesh,Home & Kitchen,Vacuum Cleaner,3,5711.0,0.05,856.65,79,16355.35,Marketplace,Credit Card,Returning Customer,Delivered
ORD100873,2025-05-26,CUST10050,Hyderabad,Telangana,Electronics,Smartwatch,1,37992.0,0.0,0.0,79,38071.0,Marketplace,Net Banking,New Customer,Delivered
ORD100883,2025-05-26,CUST10494,Pune,Maharashtra,Sports,Running Shoes,1,3767.0,0.15,565.05,0,3201.95,Website,Credit Card,New Customer,Delivered
ORD101180,2025-05-26,CUST10590,Pune,Maharashtra,Electronics,Headphones,2,13256.0,0.05,1325.6,0,25186.4,Website,UPI,Returning Customer,Delivered
ORD101253,2025-05-26,CUST10021,Lucknow,Uttar Pradesh,Electronics,Tablet,1,60087.0,0.1,6008.7,0,54078.3,Website,UPI,VIP,Delivered
ORD100030,2025-05-27,CUST10497,Lucknow,Uttar Pradesh,Electronics,Laptop,1,55772.0,0.1,5577.2,0,50194.8,Marketplace,Debit Card,Returning Customer,Delivered
ORD100210,2025-05-27,CUST10228,Mumbai,Maharashtra,Electronics,Smartphone,1,6723.0,0.1,672.3,49,6099.7,Website,UPI,Returning Customer,Delivered
ORD100253,2025-05-27,CUST10428,Mumbai,Maharashtra,Sports,Football,1,2015.0,0.15,302.25,0,1712.75,Website,Cash on Delivery,Returning Customer,Delivered
ORD100650,2025-05-27,CUST10090,Chennai,Tamil Nadu,Fashion,Jacket,2,5409.0,0.0,0.0,49,0.0,Marketplace,UPI,Returning Customer,Cancelled
ORD101939,2025-05-27,CUST10489,Pune,Maharashtra,Electronics,Headphones,1,14928.0,0.0,0.0,79,15007.0,Mobile App,Debit Card,Returning Customer,Delivered
ORD101977,2025-05-27,CUST10525,Kochi,Kerala,Home & Kitchen,Mixer,2,1039.0,0.05,103.9,49,2023.1,Marketplace,Net Banking,VIP,Delivered
ORD100067,2025-05-28,CUST10302,Hyderabad,Telangana,Fashion,Sneakers,1,8213.0,0.05,410.65,49,7851.35,Mobile App,Wallet,New Customer,Delivered
ORD100594,2025-05-28,CUST10229,Bengaluru,Karnataka,Fashion,Jeans,1,4306.0,0.15,645.9,149,532.23,Marketplace,UPI,Returning Customer,Returned
ORD100618,2025-05-28,CUST10088,Ahmedabad,Gujarat,Fashion,Sneakers,1,8908.0,0.0,0.0,79,8987.0,Marketplace,UPI,Returning Customer,Delivered
ORD101047,2025-05-28,CUST10460,Bengaluru,Karnataka,Beauty,Perfume,1,3361.0,0.2,672.2,0,2688.8,Website,Credit Card,Returning Customer,Delivered
ORD101331,2025-05-28,CUST10031,Hyderabad,Telangana,Fashion,T-Shirt,1,2777.0,0.05,138.85,49,2687.15,Website,UPI,Returning Customer,Delivered
ORD101551,2025-05-28,CUST10545,Indore,Madhya Pradesh,Fashion,Sneakers,1,7770.0,0.05,388.5,0,7381.5,Website,Cash on Delivery,Returning Customer,Delivered
ORD100086,2025-05-29,CUST10089,Kolkata,West Bengal,Fashion,Sneakers,1,6627.0,0.05,331.35,149,6444.65,Mobile App,Net Banking,New Customer,Delivered
ORD100156,2025-05-29,CUST10226,Lucknow,Uttar Pradesh,Sports,Yoga Mat,1,5955.0,0.0,0.0,49,6004.0,Website,Credit Card,VIP,Delivered
ORD100248,2025-05-29,CUST10162,Pune,Maharashtra,Home & Kitchen,Coffee Maker,1,7162.0,0.0,0.0,79,7241.0,Mobile App,Debit Card,VIP,Delivered
ORD100696,2025-05-29,CUST10059,Kolkata,West Bengal,Fashion,Jacket,1,3189.0,0.0,0.0,49,0.0,Marketplace,UPI,New Customer,Cancelled
ORD101794,2025-05-29,CUST10365,Ahmedabad,Gujarat,Home & Kitchen,Air Fryer,1,14754.0,0.15,2213.1,99,12639.9,Mobile App,UPI,New Customer,Delivered
ORD101833,2025-05-29,CUST10112,Jaipur,Rajasthan,Sports,Football,1,11486.0,0.0,0.0,49,0.0,Mobile App,Wallet,VIP,Cancelled
ORD100989,2025-05-30,CUST10466,Jaipur,Rajasthan,Fashion,Sneakers,1,6086.0,0.0,0.0,49,6135.0,Website,UPI,New Customer,Delivered
ORD101070,2025-05-30,CUST10031,Indore,Madhya Pradesh,Electronics,Tablet,1,54450.0,0.1,5445.0,0,49005.0,Website,UPI,Returning Customer,Delivered
ORD101346,2025-05-30,CUST10177,Bengaluru,Karnataka,Home & Kitchen,Coffee Maker,1,3285.0,0.1,328.5,99,3055.5,Mobile App,Debit Card,New Customer,Delivered
ORD101831,2025-05-30,CUST10009,Jaipur,Rajasthan,Sports,Dumbbells,1,3564.0,0.1,356.4,49,312.52,Website,UPI,Returning Customer,Returned
ORD100337,2025-05-31,CUST10195,Hyderabad,Telangana,Home & Kitchen,Vacuum Cleaner,1,13668.0,0.0,0.0,49,0.0,Mobile App,Net Banking,Returning Customer,Cancelled
ORD100378,2025-05-31,CUST10491,Pune,Maharashtra,Sports,Running Shoes,1,8905.0,0.1,890.5,49,0.0,Website,UPI,Returning Customer,Cancelled
ORD100513,2025-05-31,CUST10017,Delhi,Delhi,Home & Kitchen,Coffee Maker,1,1470.0,0.05,73.5,49,0.0,Marketplace,Cash on Delivery,Returning Customer,Cancelled
ORD101199,2025-05-31,CUST10397,Pune,Maharashtra,Electronics,Smartwatch,1,23548.0,0.0,0.0,0,23548.0,Website,UPI,VIP,Delivered
ORD101404,2025-05-31,CUST10207,Lucknow,Uttar Pradesh,Fashion,Jeans,1,6250.0,0.05,312.5,79,6016.5,Mobile App,Cash on Delivery,Returning Customer,Delivered
ORD101764,2025-05-31,CUST10514,Kochi,Kerala,Electronics,Headphones,3,62406.0,0.05,9360.9,149,32605.61,Marketplace,UPI,New Customer,Returned
ORD101921,2025-05-31,CUST10157,Bengaluru,Karnataka,Electronics,Tablet,1,60807.0,0.05,3040.35,99,0.0,Mobile App,Cash on Delivery,New Customer,Cancelled
ORD100170,2025-06-01,CUST10163,Bengaluru,Karnataka,Electronics,Smartphone,1,1562.0,0.0,0.0,0,159.86,Website,Net Banking,VIP,Returned
ORD100174,2025-06-01,CUST10494,Jaipur,Rajasthan,Sports,Running Shoes,1,10392.0,0.1,1039.2,0,1494.28,Mobile App,Credit Card,New Customer,Returned
ORD100945,2025-06-01,CUST10446,Kolkata,West Bengal,Fashion,Jeans,3,1180.0,0.1,354.0,0,3186.0,Website,UPI,Returning Customer,Delivered
ORD100967,2025-06-01,CUST10032,Kolkata,West Bengal,Sports,Running Shoes,1,5301.0,0.1,530.1,49,4819.9,Website,Credit Card,Returning Customer,Delivered
ORD100996,2025-06-01,CUST10356,Hyderabad,Telangana,Fashion,T-Shirt,1,6758.0,0.1,675.8,0,6082.2,Marketplace,UPI,Returning Customer,Delivered
ORD101287,2025-06-01,CUST10149,Chennai,Tamil Nadu,Home & Kitchen,Cookware Set,1,7624.0,0.1,762.4,49,6910.6,Marketplace,Cash on Delivery,VIP,Delivered
ORD101321,2025-06-01,CUST10315,Hyderabad,Telangana,Electronics,Laptop,2,1309.0,0.0,0.0,79,0.0,Website,UPI,Returning Customer,Cancelled
ORD101480,2025-06-01,CUST10143,Delhi,Delhi,Electronics,Laptop,3,37324.0,0.0,0.0,99,0.0,Website,UPI,Returning Customer,Cancelled
ORD101828,2025-06-01,CUST10554,Bengaluru,Karnataka,Electronics,Tablet,2,22980.0,0.15,6894.0,0,39066.0,Website,Net Banking,Returning Customer,Delivered
ORD100479,2025-06-02,CUST10506,Lucknow,Uttar Pradesh,Fashion,Jeans,1,7391.0,0.05,369.55,79,7100.45,Mobile App,Cash on Delivery,Returning Customer,Delivered
ORD100935,2025-06-02,CUST10452,Delhi,Delhi,Sports,Football,1,3959.0,0.0,0.0,49,0.0,Marketplace,Wallet,Returning Customer,Cancelled
ORD101218,2025-06-02,CUST10323,Indore,Madhya Pradesh,Home & Kitchen,Cookware Set,2,16011.0,0.0,0.0,99,32121.0,Marketplace,Credit Card,Returning Customer,Delivered
ORD101289,2025-06-02,CUST10240,Indore,Madhya Pradesh,Electronics,Tablet,1,41387.0,0.2,8277.4,99,33208.6,Marketplace,Cash on Delivery,New Customer,Delivered
ORD101488,2025-06-02,CUST10149,Chennai,Tamil Nadu,Sports,Cricket Bat,1,9822.0,0.05,491.1,99,9429.9,Mobile App,UPI,Returning Customer,Delivered
ORD100110,2025-06-03,CUST10143,Bengaluru,Karnataka,Home & Kitchen,Mixer,1,2823.0,0.05,141.15,79,2760.85,Website,UPI,New Customer,Delivered
ORD100498,2025-06-03,CUST10106,Ahmedabad,Gujarat,Electronics,Laptop,1,9102.0,0.0,0.0,99,9201.0,Mobile App,Debit Card,Returning Customer,Delivered
ORD100638,2025-06-03,CUST10411,Delhi,Delhi,Fashion,Sneakers,1,7758.0,0.05,387.9,0,7370.1,Mobile App,Credit Card,Returning Customer,Delivered
ORD100877,2025-06-03,CUST10533,Bengaluru,Karnataka,Home & Kitchen,Cookware Set,2,1368.0,0.15,410.4,79,534.82,Website,Cash on Delivery,New Customer,Returned
ORD101155,2025-06-03,CUST10562,Mumbai,Maharashtra,Sports,Running Shoes,1,8521.0,0.0,0.0,49,0.0,Website,Debit Card,VIP,Cancelled
ORD101368,2025-06-03,CUST10005,Bengaluru,Karnataka,Electronics,Laptop,2,62552.0,0.15,18765.6,0,106338.4,Mobile App,Wallet,New Customer,Delivered
ORD101820,2025-06-03,CUST10407,Hyderabad,Telangana,Fashion,T-Shirt,1,8350.0,0.1,835.0,49,7564.0,Mobile App,Cash on Delivery,New Customer,Delivered
ORD100292,2025-06-04,CUST10343,Delhi,Delhi,Sports,Football,1,4791.0,0.2,958.2,0,0.0,Mobile App,Net Banking,Returning Customer,Cancelled
ORD100373,2025-06-04,CUST10249,Kolkata,West Bengal,Fashion,Sneakers,1,3958.0,0.1,395.8,49,3611.2,Website,Wallet,Returning Customer,Delivered
ORD100391,2025-06-04,CUST10439,Ahmedabad,Gujarat,Fashion,Backpack,2,2754.0,0.15,826.2,0,873.19,Mobile App,Debit Card,Returning Customer,Returned
ORD100612,2025-06-04,CUST10516,Kolkata,West Bengal,Electronics,Laptop,2,4301.0,0.0,0.0,49,8651.0,Marketplace,Wallet,New Customer,Delivered
ORD100862,2025-06-04,CUST10563,Hyderabad,Telangana,Beauty,Hair Dryer,1,1597.0,0.05,79.85,0,1517.15,Website,UPI,New Customer,Delivered
ORD100899,2025-06-04,CUST10441,Pune,Maharashtra,Sports,Running Shoes,1,9293.0,0.0,0.0,49,9342.0,Marketplace,UPI,New Customer,Delivered
ORD101356,2025-06-04,CUST10093,Kochi,Kerala,Fashion,Jeans,3,4646.0,0.0,0.0,49,13987.0,Website,Debit Card,New Customer,Delivered
ORD101770,2025-06-04,CUST10529,Kochi,Kerala,Electronics,Tablet,1,49798.0,0.1,4979.8,0,44818.2,Website,Net Banking,VIP,Delivered
ORD101865,2025-06-04,CUST10338,Delhi,Delhi,Fashion,Backpack,2,8755.0,0.0,0.0,0,2823.69,Mobile App,Debit Card,Returning Customer,Returned
ORD100042,2025-06-05,CUST10178,Kolkata,West Bengal,Sports,Dumbbells,1,2451.0,0.05,122.55,49,2377.45,Website,Credit Card,New Customer,Delivered
ORD100734,2025-06-05,CUST10401,Mumbai,Maharashtra,Electronics,Laptop,1,26346.0,0.15,3951.9,149,22543.1,Website,Debit Card,New Customer,Delivered
ORD100805,2025-06-05,CUST10493,Kochi,Kerala,Home & Kitchen,Vacuum Cleaner,1,6756.0,0.1,675.6,149,6229.4,Website,UPI,New Customer,Delivered
ORD101014,2025-06-05,CUST10168,Pune,Maharashtra,Electronics,Laptop,1,5846.0,0.0,0.0,79,5925.0,Marketplace,Credit Card,Returning Customer,Delivered
ORD101374,2025-06-05,CUST10026,Ahmedabad,Gujarat,Home & Kitchen,Mixer,2,5978.0,0.05,597.8,79,0.0,Mobile App,UPI,Returning Customer,Cancelled
ORD101431,2025-06-05,CUST10143,Jaipur,Rajasthan,Electronics,Tablet,2,42574.0,0.2,17029.6,0,68118.4,Mobile App,Credit Card,Returning Customer,Delivered
ORD101450,2025-06-05,CUST10483,Ahmedabad,Gujarat,Fashion,Jacket,1,2073.0,0.15,310.95,0,0.0,Website,Wallet,Returning Customer,Cancelled
ORD101720,2025-06-05,CUST10503,Mumbai,Maharashtra,Home & Kitchen,Cookware Set,1,13121.0,0.0,0.0,99,1618.07,Mobile App,Credit Card,Returning Customer,Returned
ORD100065,2025-06-06,CUST10522,Bengaluru,Karnataka,Fashion,Sneakers,1,3081.0,0.0,0.0,79,287.27,Mobile App,Net Banking,New Customer,Returned
ORD100400,2025-06-06,CUST10513,Ahmedabad,Gujarat,Beauty,Shampoo,1,639.0,0.1,63.9,149,724.1,Website,Credit Card,New Customer,Delivered
ORD100750,2025-06-06,CUST10487,Kochi,Kerala,Home & Kitchen,Air Fryer,1,16549.0,0.0,0.0,79,0.0,Marketplace,UPI,New Customer,Cancelled
ORD101507,2025-06-06,CUST10429,Pune,Maharashtra,Electronics,Laptop,2,33921.0,0.0,0.0,0,67842.0,Marketplace,UPI,Returning Customer,Delivered
ORD101588,2025-06-06,CUST10452,Kochi,Kerala,Sports,Cricket Bat,3,8385.0,0.2,5031.0,0,20124.0,Website,Net Banking,New Customer,Delivered
ORD100920,2025-06-07,CUST10512,Delhi,Delhi,Electronics,Tablet,2,31663.0,0.05,3166.3,0,60159.7,Website,Wallet,Returning Customer,Delivered
ORD101259,2025-06-07,CUST10499,Mumbai,Maharashtra,Home & Kitchen,Coffee Maker,2,15086.0,0.1,3017.2,49,27203.8,Website,Wallet,VIP,Delivered
ORD101473,2025-06-07,CUST10391,Mumbai,Maharashtra,Fashion,Sneakers,2,7971.0,0.15,2391.3,99,13649.7,Mobile App,Debit Card,Returning Customer,Delivered
ORD101625,2025-06-07,CUST10587,Chennai,Tamil Nadu,Sports,Football,2,10035.0,0.2,4014.0,0,16056.0,Marketplace,UPI,Returning Customer,Delivered
ORD100165,2025-06-08,CUST10076,Mumbai,Maharashtra,Home & Kitchen,Cookware Set,1,6137.0,0.05,306.85,0,0.0,Mobile App,Net Banking,Returning Customer,Cancelled
ORD100341,2025-06-08,CUST10288,Lucknow,Uttar Pradesh,Sports,Cricket Bat,1,7145.0,0.15,1071.75,0,0.0,Mobile App,Credit Card,Returning Customer,Cancelled
ORD100347,2025-06-08,CUST10125,Delhi,Delhi,Electronics,Headphones,2,26284.0,0.15,7885.2,49,44731.8,Website,Credit Card,Returning Customer,Delivered
ORD100486,2025-06-08,CUST10099,Kochi,Kerala,Electronics,Smartphone,1,28014.0,0.0,0.0,0,4017.31,Website,UPI,VIP,Returned
ORD100857,2025-06-08,CUST10590,Kolkata,West Bengal,Electronics,Smartwatch,1,2748.0,0.0,0.0,149,2897.0,Marketplace,Cash on Delivery,Returning Customer,Delivered
ORD100230,2025-06-09,CUST10195,Chennai,Tamil Nadu,Sports,Cricket Bat,2,9507.0,0.1,1901.4,49,1380.92,Mobile App,Wallet,Returning Customer,Returned
ORD100547,2025-06-09,CUST10357,Ahmedabad,Gujarat,Sports,Dumbbells,2,7946.0,0.2,3178.4,79,12792.6,Mobile App,Debit Card,Returning Customer,Delivered
ORD100746,2025-06-09,CUST10203,Ahmedabad,Gujarat,Fashion,Jacket,1,2437.0,0.05,121.85,0,179.06,Website,Credit Card,Returning Customer,Returned
ORD101136,2025-06-09,CUST10424,Ahmedabad,Gujarat,Electronics,Smartwatch,1,4917.0,0.1,491.7,49,4474.3,Mobile App,UPI,New Customer,Delivered
ORD101255,2025-06-09,CUST10352,Ahmedabad,Gujarat,Sports,Dumbbells,1,2841.0,0.0,0.0,49,2890.0,Website,UPI,Returning Customer,Delivered
ORD101538,2025-06-09,CUST10221,Lucknow,Uttar Pradesh,Electronics,Tablet,1,20360.0,0.0,0.0,0,20360.0,Mobile App,UPI,Returning Customer,Delivered
ORD101713,2025-06-09,CUST10183,Indore,Madhya Pradesh,Sports,Cricket Bat,1,3843.0,0.0,0.0,49,3892.0,Mobile App,Debit Card,Returning Customer,Delivered
ORD100077,2025-06-10,CUST10082,Ahmedabad,Gujarat,Electronics,Laptop,1,2406.0,0.0,0.0,49,2455.0,Marketplace,Cash on Delivery,New Customer,Delivered
ORD100631,2025-06-10,CUST10564,Pune,Maharashtra,Beauty,Moisturizer,2,471.0,0.15,141.3,49,161.24,Mobile App,UPI,VIP,Returned
ORD100762,2025-06-10,CUST10454,Ahmedabad,Gujarat,Electronics,Tablet,1,24295.0,0.0,0.0,0,0.0,Website,Cash on Delivery,New Customer,Cancelled
ORD101881,2025-06-10,CUST10026,Lucknow,Uttar Pradesh,Electronics,Tablet,1,18042.0,0.0,0.0,49,18091.0,Website,Debit Card,New Customer,Delivered
ORD100545,2025-06-11,CUST10242,Delhi,Delhi,Electronics,Tablet,3,31835.0,0.0,0.0,49,95554.0,Marketplace,Credit Card,New Customer,Delivered
ORD101579,2025-06-11,CUST10505,Chennai,Tamil Nadu,Electronics,Tablet,1,21846.0,0.1,2184.6,149,0.0,Marketplace,UPI,New Customer,Cancelled
ORD101837,2025-06-11,CUST10151,Kochi,Kerala,Home & Kitchen,Vacuum Cleaner,1,11662.0,0.15,1749.3,99,10011.7,Marketplace,Credit Card,Returning Customer,Delivered
ORD100582,2025-06-12,CUST10310,Jaipur,Rajasthan,Sports,Dumbbells,1,5797.0,0.15,869.55,149,753.08,Website,UPI,Returning Customer,Returned
ORD100657,2025-06-12,CUST10138,Lucknow,Uttar Pradesh,Home & Kitchen,Coffee Maker,1,6468.0,0.15,970.2,99,0.0,Mobile App,UPI,VIP,Cancelled
ORD101097,2025-06-12,CUST10257,Kochi,Kerala,Electronics,Smartwatch,2,34034.0,0.0,0.0,0,68068.0,Marketplace,Net Banking,Returning Customer,Delivered
ORD101414,2025-06-12,CUST10542,Chennai,Tamil Nadu,Home & Kitchen,Coffee Maker,2,9498.0,0.1,1899.6,0,17096.4,Website,UPI,New Customer,Delivered
ORD101576,2025-06-12,CUST10563,Lucknow,Uttar Pradesh,Sports,Running Shoes,1,4447.0,0.15,667.05,149,852.95,Mobile App,Wallet,Returning Customer,Returned
ORD101909,2025-06-12,CUST10347,Kochi,Kerala,Sports,Cricket Bat,1,10274.0,0.0,0.0,79,872.78,Marketplace,Net Banking,New Customer,Returned
ORD100136,2025-06-13,CUST10561,Jaipur,Rajasthan,Electronics,Tablet,1,21493.0,0.0,0.0,49,21542.0,Marketplace,Debit Card,New Customer,Delivered
ORD100473,2025-06-13,CUST10389,Kochi,Kerala,Sports,Yoga Mat,1,1260.0,0.2,252.0,49,1057.0,Website,Debit Card,Returning Customer,Delivered
ORD100549,2025-06-13,CUST10209,Jaipur,Rajasthan,Fashion,T-Shirt,1,8065.0,0.0,0.0,0,8065.0,Marketplace,Debit Card,VIP,Delivered
ORD101138,2025-06-13,CUST10326,Kochi,Kerala,Electronics,Smartphone,1,13053.0,0.1,1305.3,0,11747.7,Website,Net Banking,VIP,Delivered
ORD101281,2025-06-13,CUST10588,Indore,Madhya Pradesh,Home & Kitchen,Coffee Maker,1,14422.0,0.1,1442.2,0,12979.8,Marketplace,Credit Card,Returning Customer,Delivered
ORD101850,2025-06-13,CUST10276,Delhi,Delhi,Sports,Yoga Mat,3,5352.0,0.1,1605.6,0,2036.34,Mobile App,UPI,New Customer,Returned
ORD101945,2025-06-13,CUST10561,Bengaluru,Karnataka,Electronics,Smartphone,1,28568.0,0.1,2856.8,49,25760.2,Mobile App,UPI,New Customer,Delivered
ORD101964,2025-06-13,CUST10129,Kolkata,West Bengal,Fashion,Jeans,1,5072.0,0.0,0.0,49,5121.0,Marketplace,Debit Card,Returning Customer,Delivered
ORD100553,2025-06-14,CUST10530,Chennai,Tamil Nadu,Fashion,T-Shirt,1,4864.0,0.2,972.8,79,3970.2,Mobile App,Net Banking,New Customer,Delivered
ORD100727,2025-06-14,CUST10415,Indore,Madhya Pradesh,Beauty,Moisturizer,1,2359.0,0.0,0.0,0,0.0,Mobile App,Cash on Delivery,VIP,Cancelled
ORD100803,2025-06-14,CUST10077,Jaipur,Rajasthan,Sports,Dumbbells,3,2564.0,0.0,0.0,0,7692.0,Website,UPI,Returning Customer,Delivered
ORD100830,2025-06-14,CUST10079,Lucknow,Uttar Pradesh,Beauty,Moisturizer,1,3677.0,0.0,0.0,49,3726.0,Mobile App,Net Banking,Returning Customer,Delivered
ORD101078,2025-06-14,CUST10052,Bengaluru,Karnataka,Electronics,Smartphone,1,40134.0,0.1,4013.4,49,36169.6,Marketplace,UPI,New Customer,Delivered
ORD101497,2025-06-14,CUST10595,Delhi,Delhi,Electronics,Headphones,1,5714.0,0.05,285.7,49,5477.3,Website,UPI,New Customer,Delivered
ORD100662,2025-06-15,CUST10382,Bengaluru,Karnataka,Electronics,Laptop,1,43259.0,0.0,0.0,149,43408.0,Marketplace,Debit Card,Returning Customer,Delivered
ORD101019,2025-06-15,CUST10051,Lucknow,Uttar Pradesh,Home & Kitchen,Vacuum Cleaner,1,4217.0,0.0,0.0,0,4217.0,Website,Debit Card,New Customer,Delivered
ORD101278,2025-06-15,CUST10208,Chennai,Tamil Nadu,Electronics,Laptop,1,64887.0,0.0,0.0,99,64986.0,Website,Net Banking,Returning Customer,Delivered
ORD101409,2025-06-15,CUST10285,Pune,Maharashtra,Beauty,Hair Dryer,1,4847.0,0.05,242.35,49,4653.65,Marketplace,Credit Card,Returning Customer,Delivered
ORD101487,2025-06-15,CUST10321,Chennai,Tamil Nadu,Electronics,Laptop,1,3470.0,0.0,0.0,149,885.43,Website,Cash on Delivery,Returning Customer,Returned
ORD101494,2025-06-15,CUST10488,Delhi,Delhi,Home & Kitchen,Vacuum Cleaner,1,1416.0,0.15,212.4,149,138.97,Website,Debit Card,VIP,Returned
ORD100354,2025-06-16,CUST10188,Chennai,Tamil Nadu,Fashion,Jacket,2,4700.0,0.1,940.0,79,0.0,Mobile App,UPI,Returning Customer,Cancelled
ORD100428,2025-06-16,CUST10556,Delhi,Delhi,Beauty,Perfume,2,2480.0,0.0,0.0,79,288.95,Website,Cash on Delivery,New Customer,Returned
ORD100979,2025-06-16,CUST10292,Ahmedabad,Gujarat,Electronics,Laptop,1,41823.0,0.1,4182.3,49,0.0,Mobile App,Credit Card,VIP,Cancelled
ORD101038,2025-06-16,CUST10491,Pune,Maharashtra,Fashion,Jacket,1,5542.0,0.1,554.2,0,260.79,Website,Debit Card,VIP,Returned
ORD101389,2025-06-16,CUST10323,Kolkata,West Bengal,Electronics,Tablet,3,20678.0,0.05,3101.7,149,59081.3,Mobile App,UPI,Returning Customer,Delivered
ORD101572,2025-06-16,CUST10257,Mumbai,Maharashtra,Fashion,Jacket,1,8513.0,0.0,0.0,49,8562.0,Mobile App,Debit Card,VIP,Delivered
ORD101916,2025-06-16,CUST10591,Hyderabad,Telangana,Sports,Dumbbells,2,11848.0,0.1,2369.6,79,0.0,Website,Debit Card,Returning Customer,Cancelled
ORD100196,2025-06-17,CUST10445,Jaipur,Rajasthan,Electronics,Tablet,1,27129.0,0.15,4069.35,79,23138.65,Website,Cash on Delivery,VIP,Delivered
ORD101118,2025-06-17,CUST10457,Delhi,Delhi,Electronics,Laptop,1,18185.0,0.0,0.0,79,18264.0,Mobile App,UPI,New Customer,Delivered
ORD101213,2025-06-17,CUST10201,Mumbai,Maharashtra,Home & Kitchen,Mixer,1,3110.0,0.15,466.5,99,2742.5,Mobile App,Credit Card,New Customer,Delivered
ORD100350,2025-06-18,CUST10206,Jaipur,Rajasthan,Home & Kitchen,Vacuum Cleaner,1,9232.0,0.0,0.0,99,9331.0,Website,UPI,Returning Customer,Delivered
ORD100508,2025-06-18,CUST10560,Pune,Maharashtra,Fashion,Jeans,1,5975.0,0.0,0.0,99,6074.0,Website,Wallet,Returning Customer,Delivered
ORD100644,2025-06-18,CUST10489,Kochi,Kerala,Home & Kitchen,Coffee Maker,1,6578.0,0.1,657.8,49,5969.2,Website,UPI,Returning Customer,Delivered
ORD101453,2025-06-18,CUST10068,Mumbai,Maharashtra,Beauty,Hair Dryer,3,4907.0,0.1,1472.1,79,13327.9,Mobile App,Credit Card,VIP,Delivered
ORD101505,2025-06-18,CUST10201,Ahmedabad,Gujarat,Home & Kitchen,Coffee Maker,1,2301.0,0.0,0.0,0,224.34,Website,UPI,Returning Customer,Returned
ORD101556,2025-06-18,CUST10260,Bengaluru,Karnataka,Sports,Running Shoes,1,3291.0,0.05,164.55,99,570.59,Marketplace,Debit Card,Returning Customer,Returned
ORD101940,2025-06-18,CUST10407,Pune,Maharashtra,Beauty,Moisturizer,1,4563.0,0.1,456.3,49,0.0,Mobile App,UPI,New Customer,Cancelled
ORD100560,2025-06-19,CUST10146,Kochi,Kerala,Home & Kitchen,Air Fryer,1,8167.0,0.15,1225.05,49,0.0,Marketplace,UPI,Returning Customer,Cancelled
ORD101102,2025-06-19,CUST10406,Delhi,Delhi,Fashion,T-Shirt,1,1695.0,0.2,339.0,49,1405.0,Website,Debit Card,New Customer,Delivered
ORD101425,2025-06-19,CUST10003,Indore,Madhya Pradesh,Electronics,Headphones,2,30812.0,0.15,9243.6,49,52429.4,Website,UPI,New Customer,Delivered
ORD101441,2025-06-19,CUST10317,Bengaluru,Karnataka,Beauty,Shampoo,1,2705.0,0.15,405.75,79,2378.25,Website,UPI,Returning Customer,Delivered
ORD100463,2025-06-20,CUST10442,Kochi,Kerala,Home & Kitchen,Vacuum Cleaner,2,8273.0,0.0,0.0,99,16645.0,Marketplace,Cash on Delivery,Returning Customer,Delivered
ORD101191,2025-06-20,CUST10150,Delhi,Delhi,Home & Kitchen,Coffee Maker,1,5797.0,0.0,0.0,49,1389.28,Website,Credit Card,New Customer,Returned
ORD101215,2025-06-20,CUST10553,Indore,Madhya Pradesh,Beauty,Shampoo,1,3773.0,0.15,565.95,49,3256.05,Mobile App,UPI,Returning Customer,Delivered
ORD100007,2025-06-21,CUST10005,Mumbai,Maharashtra,Electronics,Tablet,1,57748.0,0.0,0.0,0,12692.02,Mobile App,Net Banking,Returning Customer,Returned
ORD100011,2025-06-21,CUST10113,Lucknow,Uttar Pradesh,Electronics,Headphones,1,11521.0,0.0,0.0,49,11570.0,Website,UPI,New Customer,Delivered
ORD100190,2025-06-21,CUST10482,Mumbai,Maharashtra,Electronics,Tablet,1,6735.0,0.15,1010.25,79,5803.75,Marketplace,Debit Card,Returning Customer,Delivered
ORD100285,2025-06-22,CUST10437,Jaipur,Rajasthan,Beauty,Hair Dryer,2,2913.0,0.0,0.0,79,369.82,Marketplace,Net Banking,Returning Customer,Returned
ORD100864,2025-06-22,CUST10108,Hyderabad,Telangana,Fashion,Sneakers,2,5826.0,0.0,0.0,79,11731.0,Website,Credit Card,Returning Customer,Delivered
ORD100887,2025-06-22,CUST10407,Delhi,Delhi,Home & Kitchen,Cookware Set,1,11024.0,0.1,1102.4,0,1962.74,Website,Net Banking,Returning Customer,Returned
ORD101297,2025-06-22,CUST10161,Chennai,Tamil Nadu,Electronics,Laptop,1,14620.0,0.0,0.0,49,1307.82,Mobile App,Cash on Delivery,New Customer,Returned
ORD101342,2025-06-22,CUST10477,Indore,Madhya Pradesh,Electronics,Smartphone,1,21718.0,0.15,3257.7,0,18460.3,Website,Credit Card,New Customer,Delivered
ORD101593,2025-06-22,CUST10090,Lucknow,Uttar Pradesh,Home & Kitchen,Vacuum Cleaner,1,11962.0,0.0,0.0,79,2273.98,Mobile App,UPI,Returning Customer,Returned
ORD101812,2025-06-22,CUST10042,Pune,Maharashtra,Beauty,Moisturizer,1,5023.0,0.0,0.0,49,5072.0,Mobile App,UPI,New Customer,Delivered
ORD101915,2025-06-22,CUST10261,Ahmedabad,Gujarat,Fashion,Backpack,3,7087.0,0.0,0.0,0,2845.82,Website,UPI,VIP,Returned
ORD100197,2025-06-23,CUST10324,Indore,Madhya Pradesh,Beauty,Face Wash,1,1731.0,0.0,0.0,79,1810.0,Website,Credit Card,New Customer,Delivered
ORD100778,2025-06-23,CUST10501,Mumbai,Maharashtra,Beauty,Perfume,1,5687.0,0.0,0.0,49,1356.96,Website,Net Banking,VIP,Returned
ORD101528,2025-06-23,CUST10297,Delhi,Delhi,Electronics,Headphones,1,47430.0,0.0,0.0,0,0.0,Mobile App,Credit Card,Returning Customer,Cancelled
ORD101883,2025-06-23,CUST10402,Kolkata,West Bengal,Electronics,Laptop,1,29682.0,0.05,1484.1,49,28246.9,Marketplace,UPI,New Customer,Delivered
ORD100509,2025-06-24,CUST10216,Chennai,Tamil Nadu,Electronics,Tablet,1,40714.0,0.2,8142.8,0,7272.83,Mobile App,Debit Card,New Customer,Returned
ORD100801,2025-06-24,CUST10465,Lucknow,Uttar Pradesh,Electronics,Laptop,1,11001.0,0.0,0.0,79,1936.24,Website,Credit Card,Returning Customer,Returned
ORD101042,2025-06-24,CUST10423,Bengaluru,Karnataka,Electronics,Smartphone,2,62207.0,0.0,0.0,0,124414.0,Website,Wallet,New Customer,Delivered
ORD100097,2025-06-25,CUST10323,Kochi,Kerala,Home & Kitchen,Coffee Maker,1,1832.0,0.15,274.8,49,270.62,Website,Debit Card,Returning Customer,Returned
ORD100629,2025-06-25,CUST10213,Jaipur,Rajasthan,Electronics,Headphones,1,36542.0,0.0,0.0,79,36621.0,Marketplace,Credit Card,Returning Customer,Delivered
ORD101129,2025-06-25,CUST10177,Pune,Maharashtra,Fashion,Backpack,1,7733.0,0.0,0.0,0,7733.0,Mobile App,Debit Card,VIP,Delivered
ORD101166,2025-06-25,CUST10516,Kochi,Kerala,Home & Kitchen,Cookware Set,1,5969.0,0.0,0.0,49,1284.8,Mobile App,Debit Card,New Customer,Returned
ORD101600,2025-06-25,CUST10296,Delhi,Delhi,Electronics,Tablet,2,4552.0,0.0,0.0,0,9104.0,Marketplace,Credit Card,New Customer,Delivered
ORD101233,2025-06-26,CUST10332,Kolkata,West Bengal,Beauty,Moisturizer,1,1355.0,0.1,135.5,49,0.0,Website,UPI,New Customer,Cancelled
ORD101919,2025-06-26,CUST10582,Pune,Maharashtra,Home & Kitchen,Vacuum Cleaner,1,4052.0,0.0,0.0,79,4131.0,Marketplace,Cash on Delivery,Returning Customer,Delivered
ORD100394,2025-06-27,CUST10560,Lucknow,Uttar Pradesh,Electronics,Headphones,1,37854.0,0.0,0.0,49,0.0,Marketplace,Net Banking,New Customer,Cancelled
ORD100815,2025-06-27,CUST10375,Kolkata,West Bengal,Electronics,Headphones,2,13120.0,0.1,2624.0,0,1947.07,Mobile App,Credit Card,Returning Customer,Returned
ORD100900,2025-06-27,CUST10357,Chennai,Tamil Nadu,Sports,Cricket Bat,3,5013.0,0.0,0.0,0,15039.0,Mobile App,UPI,Returning Customer,Delivered
ORD100008,2025-06-28,CUST10231,Lucknow,Uttar Pradesh,Fashion,Jeans,1,5873.0,0.0,0.0,49,461.12,Website,Net Banking,New Customer,Returned
ORD100492,2025-06-28,CUST10172,Chennai,Tamil Nadu,Sports,Dumbbells,1,11841.0,0.15,1776.15,0,0.0,Website,Debit Card,VIP,Cancelled
ORD100579,2025-06-28,CUST10128,Mumbai,Maharashtra,Sports,Running Shoes,1,4261.0,0.05,213.05,0,4047.95,Website,UPI,VIP,Delivered
ORD101085,2025-06-28,CUST10030,Bengaluru,Karnataka,Fashion,T-Shirt,1,2795.0,0.2,559.0,99,2335.0,Website,Credit Card,VIP,Delivered
ORD101238,2025-06-28,CUST10584,Ahmedabad,Gujarat,Fashion,Jeans,1,3772.0,0.15,565.8,99,0.0,Website,UPI,New Customer,Cancelled
ORD101373,2025-06-28,CUST10035,Ahmedabad,Gujarat,Fashion,Jeans,1,3736.0,0.0,0.0,0,0.0,Website,UPI,Returning Customer,Cancelled
ORD101708,2025-06-28,CUST10234,Chennai,Tamil Nadu,Sports,Cricket Bat,1,4273.0,0.0,0.0,99,0.0,Mobile App,UPI,Returning Customer,Cancelled
ORD100485,2025-06-29,CUST10384,Bengaluru,Karnataka,Fashion,Jacket,2,3445.0,0.1,689.0,49,0.0,Website,UPI,New Customer,Cancelled
ORD100761,2025-06-29,CUST10546,Kolkata,West Bengal,Electronics,Smartphone,2,59443.0,0.05,5944.3,79,113020.7,Mobile App,Credit Card,New Customer,Delivered
ORD100921,2025-06-29,CUST10357,Ahmedabad,Gujarat,Fashion,Jeans,1,5635.0,0.0,0.0,49,0.0,Website,UPI,Returning Customer,Cancelled
ORD101363,2025-06-29,CUST10259,Pune,Maharashtra,Electronics,Smartwatch,1,51607.0,0.15,7741.05,79,0.0,Website,Credit Card,Returning Customer,Cancelled
ORD101655,2025-06-29,CUST10583,Indore,Madhya Pradesh,Fashion,T-Shirt,2,5423.0,0.0,0.0,0,10846.0,Mobile App,Credit Card,New Customer,Delivered
ORD101868,2025-06-29,CUST10408,Jaipur,Rajasthan,Electronics,Smartphone,2,31474.0,0.0,0.0,79,0.0,Website,Wallet,New Customer,Cancelled
ORD100364,2025-06-30,CUST10390,Lucknow,Uttar Pradesh,Beauty,Shampoo,1,4151.0,0.0,0.0,149,4300.0,Mobile App,UPI,New Customer,Delivered
ORD100548,2025-06-30,CUST10295,Delhi,Delhi,Fashion,Sneakers,1,486.0,0.0,0.0,49,535.0,Website,UPI,New Customer,Delivered
ORD101553,2025-06-30,CUST10315,Indore,Madhya Pradesh,Sports,Yoga Mat,1,612.0,0.0,0.0,79,691.0,Website,Net Banking,New Customer,Delivered
ORD100344,2025-07-01,CUST10096,Jaipur,Rajasthan,Electronics,Headphones,1,44587.0,0.05,2229.35,49,3336.52,Website,Net Banking,New Customer,Returned
ORD101381,2025-07-01,CUST10534,Hyderabad,Telangana,Fashion,T-Shirt,3,2821.0,0.15,1269.45,49,1377.43,Mobile App,Credit Card,VIP,Returned
ORD100034,2025-07-02,CUST10342,Kochi,Kerala,Home & Kitchen,Coffee Maker,1,13705.0,0.0,0.0,149,2068.57,Website,UPI,New Customer,Returned
ORD100291,2025-07-02,CUST10113,Delhi,Delhi,Fashion,Sneakers,1,5844.0,0.0,0.0,49,5893.0,Mobile App,Wallet,Returning Customer,Delivered
ORD100415,2025-07-02,CUST10101,Hyderabad,Telangana,Fashion,Backpack,1,1096.0,0.15,164.4,79,1010.6,Mobile App,UPI,VIP,Delivered
ORD100653,2025-07-02,CUST10336,Jaipur,Rajasthan,Sports,Cricket Bat,1,9775.0,0.0,0.0,149,9924.0,Marketplace,Debit Card,Returning Customer,Delivered
ORD101058,2025-07-02,CUST10119,Ahmedabad,Gujarat,Electronics,Tablet,1,4207.0,0.15,631.05,79,0.0,Website,Debit Card,New Customer,Cancelled
ORD101113,2025-07-02,CUST10154,Mumbai,Maharashtra,Home & Kitchen,Air Fryer,1,8734.0,0.0,0.0,0,8734.0,Marketplace,Credit Card,New Customer,Delivered
ORD100066,2025-07-03,CUST10130,Kolkata,West Bengal,Fashion,Jacket,1,5043.0,0.0,0.0,49,0.0,Website,Debit Card,Returning Customer,Cancelled
ORD100451,2025-07-03,CUST10509,Delhi,Delhi,Home & Kitchen,Coffee Maker,3,17032.0,0.0,0.0,49,51145.0,Marketplace,Wallet,New Customer,Delivered
ORD100697,2025-07-03,CUST10293,Delhi,Delhi,Electronics,Laptop,1,27175.0,0.0,0.0,79,0.0,Mobile App,Wallet,Returning Customer,Cancelled
ORD100728,2025-07-03,CUST10314,Chennai,Tamil Nadu,Home & Kitchen,Air Fryer,1,15856.0,0.0,0.0,149,16005.0,Marketplace,Credit Card,VIP,Delivered
ORD100747,2025-07-03,CUST10373,Kochi,Kerala,Fashion,Sneakers,1,4799.0,0.2,959.8,0,0.0,Mobile App,Net Banking,New Customer,Cancelled
ORD101276,2025-07-03,CUST10582,Indore,Madhya Pradesh,Electronics,Smartphone,1,2962.0,0.0,0.0,49,0.0,Mobile App,Debit Card,New Customer,Cancelled
ORD101380,2025-07-03,CUST10202,Indore,Madhya Pradesh,Fashion,Backpack,2,2168.0,0.0,0.0,79,4415.0,Website,UPI,New Customer,Delivered
ORD100971,2025-07-04,CUST10307,Ahmedabad,Gujarat,Fashion,Backpack,1,7168.0,0.05,358.4,49,0.0,Website,UPI,VIP,Cancelled
ORD101265,2025-07-04,CUST10024,Pune,Maharashtra,Electronics,Headphones,3,50188.0,0.05,7528.2,149,20577.0,Mobile App,Net Banking,New Customer,Returned
ORD101471,2025-07-04,CUST10515,Indore,Madhya Pradesh,Home & Kitchen,Coffee Maker,1,4044.0,0.0,0.0,49,0.0,Marketplace,Net Banking,New Customer,Cancelled
ORD101752,2025-07-04,CUST10022,Ahmedabad,Gujarat,Sports,Football,1,2513.0,0.1,251.3,49,2310.7,Mobile App,Debit Card,Returning Customer,Delivered
ORD100163,2025-07-05,CUST10154,Hyderabad,Telangana,Beauty,Moisturizer,1,2830.0,0.1,283.0,99,2646.0,Website,Credit Card,Returning Customer,Delivered
ORD100222,2025-07-05,CUST10175,Mumbai,Maharashtra,Home & Kitchen,Vacuum Cleaner,1,10381.0,0.2,2076.2,99,8403.8,Website,Net Banking,Returning Customer,Delivered
ORD100886,2025-07-05,CUST10500,Indore,Madhya Pradesh,Electronics,Smartphone,2,53076.0,0.05,5307.6,0,100844.4,Mobile App,Debit Card,Returning Customer,Delivered
ORD101004,2025-07-05,CUST10471,Bengaluru,Karnataka,Fashion,T-Shirt,1,452.0,0.0,0.0,0,452.0,Marketplace,Wallet,Returning Customer,Delivered
ORD101112,2025-07-05,CUST10115,Lucknow,Uttar Pradesh,Electronics,Tablet,1,36813.0,0.1,3681.3,49,33180.7,Mobile App,Cash on Delivery,New Customer,Delivered
ORD101430,2025-07-05,CUST10098,Kochi,Kerala,Sports,Dumbbells,1,7688.0,0.15,1153.2,0,694.4,Mobile App,UPI,VIP,Returned
ORD101717,2025-07-05,CUST10466,Hyderabad,Telangana,Electronics,Laptop,1,36502.0,0.05,1825.1,99,34775.9,Marketplace,Debit Card,New Customer,Delivered
ORD101814,2025-07-05,CUST10503,Kochi,Kerala,Beauty,Perfume,1,3824.0,0.1,382.4,49,0.0,Mobile App,Wallet,Returning Customer,Cancelled
ORD100083,2025-07-06,CUST10312,Jaipur,Rajasthan,Home & Kitchen,Vacuum Cleaner,1,10412.0,0.0,0.0,79,807.81,Website,UPI,New Customer,Returned
ORD100287,2025-07-06,CUST10258,Kolkata,West Bengal,Sports,Running Shoes,1,8967.0,0.0,0.0,79,9046.0,Mobile App,Cash on Delivery,Returning Customer,Delivered
ORD100363,2025-07-06,CUST10542,Indore,Madhya Pradesh,Sports,Cricket Bat,1,7566.0,0.05,378.3,0,7187.7,Website,Credit Card,Returning Customer,Delivered
ORD100611,2025-07-06,CUST10217,Chennai,Tamil Nadu,Beauty,Shampoo,1,2972.0,0.05,148.6,99,2922.4,Mobile App,Cash on Delivery,VIP,Delivered
ORD100791,2025-07-06,CUST10025,Kochi,Kerala,Fashion,T-Shirt,1,7747.0,0.1,774.7,49,7021.3,Website,UPI,New Customer,Delivered
ORD101202,2025-07-06,CUST10200,Lucknow,Uttar Pradesh,Sports,Dumbbells,1,2518.0,0.15,377.7,99,306.05,Website,UPI,Returning Customer,Returned
ORD101369,2025-07-06,CUST10552,Lucknow,Uttar Pradesh,Electronics,Headphones,1,6930.0,0.0,0.0,0,366.36,Website,Net Banking,New Customer,Returned
ORD100335,2025-07-07,CUST10591,Kochi,Kerala,Beauty,Shampoo,1,5849.0,0.05,292.45,0,5556.55,Website,Cash on Delivery,New Customer,Delivered
ORD100756,2025-07-07,CUST10598,Bengaluru,Karnataka,Home & Kitchen,Vacuum Cleaner,1,6002.0,0.15,900.3,0,5101.7,Marketplace,Wallet,Returning Customer,Delivered
ORD101221,2025-07-07,CUST10535,Kochi,Kerala,Fashion,Jeans,1,4907.0,0.15,736.05,149,4319.95,Website,Credit Card,New Customer,Delivered
ORD100362,2025-07-08,CUST10283,Chennai,Tamil Nadu,Fashion,Jeans,1,3371.0,0.15,505.65,49,2914.35,Mobile App,UPI,New Customer,Delivered
ORD100953,2025-07-08,CUST10565,Pune,Maharashtra,Electronics,Smartwatch,2,13543.0,0.2,5417.2,0,21668.8,Website,Debit Card,Returning Customer,Delivered
ORD101184,2025-07-08,CUST10161,Hyderabad,Telangana,Fashion,Backpack,1,5045.0,0.0,0.0,49,270.64,Mobile App,Credit Card,New Customer,Returned
ORD101931,2025-07-08,CUST10583,Lucknow,Uttar Pradesh,Electronics,Smartphone,1,43510.0,0.0,0.0,99,43609.0,Mobile App,Cash on Delivery,New Customer,Delivered
ORD100082,2025-07-09,CUST10292,Lucknow,Uttar Pradesh,Fashion,T-Shirt,1,804.0,0.0,0.0,79,883.0,Mobile App,UPI,Returning Customer,Delivered
ORD100141,2025-07-09,CUST10143,Bengaluru,Karnataka,Fashion,Sneakers,1,5565.0,0.05,278.25,149,5435.75,Marketplace,Cash on Delivery,New Customer,Delivered
ORD100323,2025-07-09,CUST10496,Kolkata,West Bengal,Electronics,Headphones,2,21802.0,0.0,0.0,0,43604.0,Mobile App,Cash on Delivery,New Customer,Delivered
ORD100351,2025-07-09,CUST10326,Pune,Maharashtra,Home & Kitchen,Air Fryer,1,15395.0,0.2,3079.0,49,12365.0,Marketplace,Credit Card,Returning Customer,Delivered
ORD100382,2025-07-09,CUST10345,Mumbai,Maharashtra,Home & Kitchen,Coffee Maker,1,5322.0,0.0,0.0,0,5322.0,Website,Debit Card,Returning Customer,Delivered
ORD100527,2025-07-09,CUST10364,Ahmedabad,Gujarat,Beauty,Perfume,1,522.0,0.0,0.0,149,671.0,Website,Debit Card,VIP,Delivered
ORD100595,2025-07-09,CUST10281,Delhi,Delhi,Fashion,T-Shirt,1,6319.0,0.1,631.9,99,5786.1,Mobile App,Cash on Delivery,New Customer,Delivered
ORD100950,2025-07-09,CUST10295,Indore,Madhya Pradesh,Home & Kitchen,Coffee Maker,1,10924.0,0.2,2184.8,149,8888.2,Website,Wallet,New Customer,Delivered
ORD101476,2025-07-09,CUST10015,Jaipur,Rajasthan,Electronics,Smartphone,2,58275.0,0.0,0.0,99,116649.0,Website,Credit Card,Returning Customer,Delivered
ORD101942,2025-07-09,CUST10365,Kochi,Kerala,Sports,Dumbbells,1,6798.0,0.0,0.0,79,6877.0,Website,Debit Card,New Customer,Delivered
ORD100150,2025-07-10,CUST10564,Kochi,Kerala,Home & Kitchen,Mixer,1,5155.0,0.0,0.0,0,5155.0,Website,Debit Card,Returning Customer,Delivered
ORD101815,2025-07-10,CUST10039,Chennai,Tamil Nadu,Electronics,Smartwatch,2,55126.0,0.1,11025.2,99,99325.8,Mobile App,Debit Card,New Customer,Delivered
ORD100397,2025-07-11,CUST10357,Ahmedabad,Gujarat,Electronics,Tablet,1,9597.0,0.2,1919.4,0,7677.6,Mobile App,Debit Card,New Customer,Delivered
ORD100707,2025-07-11,CUST10482,Chennai,Tamil Nadu,Electronics,Smartphone,2,23962.0,0.0,0.0,79,48003.0,Mobile App,Wallet,Returning Customer,Delivered
ORD101139,2025-07-11,CUST10519,Pune,Maharashtra,Fashion,Sneakers,1,7762.0,0.0,0.0,0,0.0,Mobile App,Credit Card,VIP,Cancelled
ORD100331,2025-07-12,CUST10393,Pune,Maharashtra,Electronics,Headphones,1,51066.0,0.0,0.0,149,51215.0,Mobile App,Debit Card,Returning Customer,Delivered
ORD100668,2025-07-12,CUST10038,Kochi,Kerala,Electronics,Tablet,3,9082.0,0.1,2724.6,49,24570.4,Mobile App,Credit Card,Returning Customer,Delivered
ORD100896,2025-07-12,CUST10270,Chennai,Tamil Nadu,Electronics,Laptop,2,26662.0,0.0,0.0,79,2928.3,Marketplace,Credit Card,Returning Customer,Returned
ORD100215,2025-07-13,CUST10414,Mumbai,Maharashtra,Beauty,Perfume,1,2545.0,0.1,254.5,0,2290.5,Website,UPI,Returning Customer,Delivered
ORD100664,2025-07-13,CUST10592,Hyderabad,Telangana,Home & Kitchen,Air Fryer,1,7638.0,0.1,763.8,99,6973.2,Website,Debit Card,New Customer,Delivered
ORD100748,2025-07-13,CUST10032,Chennai,Tamil Nadu,Home & Kitchen,Vacuum Cleaner,1,13318.0,0.2,2663.6,79,10733.4,Website,Wallet,Returning Customer,Delivered
ORD100856,2025-07-13,CUST10375,Kolkata,West Bengal,Fashion,Sneakers,2,5566.0,0.1,1113.2,149,10167.8,Mobile App,UPI,New Customer,Delivered
ORD101140,2025-07-13,CUST10254,Mumbai,Maharashtra,Electronics,Tablet,1,33214.0,0.0,0.0,79,7857.05,Mobile App,Credit Card,Returning Customer,Returned
ORD100444,2025-07-14,CUST10588,Bengaluru,Karnataka,Home & Kitchen,Vacuum Cleaner,1,1956.0,0.15,293.4,49,1711.6,Mobile App,Credit Card,VIP,Delivered
ORD100554,2025-07-14,CUST10598,Bengaluru,Karnataka,Home & Kitchen,Mixer,1,12978.0,0.0,0.0,0,0.0,Mobile App,Credit Card,Returning Customer,Cancelled
ORD100725,2025-07-14,CUST10212,Delhi,Delhi,Home & Kitchen,Vacuum Cleaner,3,5190.0,0.0,0.0,79,15649.0,Website,UPI,New Customer,Delivered
ORD101201,2025-07-14,CUST10287,Mumbai,Maharashtra,Fashion,T-Shirt,1,6318.0,0.1,631.8,0,0.0,Website,Cash on Delivery,VIP,Cancelled
ORD100608,2025-07-15,CUST10359,Ahmedabad,Gujarat,Home & Kitchen,Mixer,1,13908.0,0.2,2781.6,149,11275.4,Mobile App,UPI,VIP,Delivered
ORD100976,2025-07-15,CUST10244,Mumbai,Maharashtra,Home & Kitchen,Coffee Maker,1,17181.0,0.0,0.0,79,0.0,Mobile App,Debit Card,Returning Customer,Cancelled
ORD101151,2025-07-15,CUST10139,Kolkata,West Bengal,Electronics,Tablet,2,49042.0,0.0,0.0,79,0.0,Mobile App,Credit Card,Returning Customer,Cancelled
ORD101270,2025-07-15,CUST10359,Jaipur,Rajasthan,Home & Kitchen,Mixer,1,1853.0,0.1,185.3,49,1716.7,Website,Credit Card,New Customer,Delivered
ORD101678,2025-07-15,CUST10119,Delhi,Delhi,Electronics,Tablet,1,40959.0,0.0,0.0,0,40959.0,Marketplace,UPI,VIP,Delivered
ORD101876,2025-07-15,CUST10161,Chennai,Tamil Nadu,Home & Kitchen,Mixer,1,7648.0,0.05,382.4,49,7314.6,Mobile App,Cash on Delivery,Returning Customer,Delivered
ORD101999,2025-07-15,CUST10031,Hyderabad,Telangana,Electronics,Smartphone,3,43827.0,0.0,0.0,49,131530.0,Marketplace,Credit Card,VIP,Delivered
ORD100453,2025-07-16,CUST10057,Kolkata,West Bengal,Electronics,Smartwatch,1,55034.0,0.0,0.0,0,6003.35,Mobile App,UPI,Returning Customer,Returned
ORD100645,2025-07-16,CUST10566,Mumbai,Maharashtra,Electronics,Laptop,1,3519.0,0.0,0.0,79,3598.0,Marketplace,Wallet,New Customer,Delivered
ORD101169,2025-07-16,CUST10331,Ahmedabad,Gujarat,Electronics,Headphones,1,30036.0,0.05,1501.8,0,0.0,Marketplace,UPI,New Customer,Cancelled
ORD101530,2025-07-16,CUST10291,Ahmedabad,Gujarat,Beauty,Hair Dryer,1,3935.0,0.2,787.0,149,0.0,Website,Net Banking,VIP,Cancelled
ORD100325,2025-07-17,CUST10384,Pune,Maharashtra,Home & Kitchen,Vacuum Cleaner,1,11337.0,0.0,0.0,149,731.54,Website,Credit Card,Returning Customer,Returned
ORD101046,2025-07-17,CUST10399,Mumbai,Maharashtra,Sports,Dumbbells,1,10860.0,0.0,0.0,49,10909.0,Mobile App,Credit Card,New Customer,Delivered
ORD101411,2025-07-17,CUST10162,Pune,Maharashtra,Sports,Football,1,2722.0,0.0,0.0,79,0.0,Marketplace,Credit Card,Returning Customer,Cancelled
ORD101925,2025-07-17,CUST10535,Delhi,Delhi,Electronics,Headphones,1,20996.0,0.0,0.0,79,21075.0,Mobile App,Credit Card,Returning Customer,Delivered
ORD100232,2025-07-18,CUST10461,Kochi,Kerala,Electronics,Laptop,1,40721.0,0.1,4072.1,49,36697.9,Marketplace,Debit Card,New Customer,Delivered
ORD100413,2025-07-18,CUST10074,Delhi,Delhi,Electronics,Smartwatch,1,13518.0,0.0,0.0,0,13518.0,Mobile App,Credit Card,New Customer,Delivered
ORD100466,2025-07-18,CUST10214,Kochi,Kerala,Electronics,Smartphone,1,29961.0,0.0,0.0,0,6147.26,Mobile App,Credit Card,New Customer,Returned
ORD100636,2025-07-18,CUST10416,Delhi,Delhi,Fashion,T-Shirt,1,3704.0,0.15,555.6,0,3148.4,Mobile App,UPI,New Customer,Delivered
ORD100978,2025-07-18,CUST10413,Lucknow,Uttar Pradesh,Electronics,Tablet,1,24255.0,0.0,0.0,149,24404.0,Marketplace,Debit Card,Returning Customer,Delivered
ORD101044,2025-07-18,CUST10222,Delhi,Delhi,Electronics,Laptop,1,26007.0,0.0,0.0,99,26106.0,Mobile App,UPI,New Customer,Delivered
ORD101269,2025-07-18,CUST10274,Mumbai,Maharashtra,Beauty,Moisturizer,1,2771.0,0.0,0.0,0,0.0,Marketplace,Net Banking,Returning Customer,Cancelled
ORD101424,2025-07-18,CUST10075,Kolkata,West Bengal,Electronics,Tablet,1,2745.0,0.15,411.75,0,2333.25,Website,Cash on Delivery,Returning Customer,Delivered
ORD101745,2025-07-18,CUST10359,Pune,Maharashtra,Electronics,Headphones,1,6919.0,0.1,691.9,0,0.0,Marketplace,Credit Card,Returning Customer,Cancelled
ORD100305,2025-07-19,CUST10387,Pune,Maharashtra,Beauty,Hair Dryer,1,2384.0,0.1,238.4,0,2145.6,Marketplace,Credit Card,Returning Customer,Delivered
ORD100312,2025-07-19,CUST10450,Pune,Maharashtra,Electronics,Headphones,2,15774.0,0.0,0.0,0,31548.0,Mobile App,Wallet,New Customer,Delivered
ORD100355,2025-07-19,CUST10137,Mumbai,Maharashtra,Beauty,Moisturizer,3,871.0,0.0,0.0,49,2662.0,Website,UPI,New Customer,Delivered
ORD100583,2025-07-19,CUST10228,Mumbai,Maharashtra,Fashion,T-Shirt,1,5933.0,0.0,0.0,0,5933.0,Marketplace,Cash on Delivery,Returning Customer,Delivered
ORD100693,2025-07-19,CUST10018,Jaipur,Rajasthan,Electronics,Laptop,1,19320.0,0.05,966.0,0,928.13,Website,Credit Card,Returning Customer,Returned
ORD100184,2025-07-20,CUST10516,Ahmedabad,Gujarat,Fashion,Jacket,1,8929.0,0.0,0.0,0,8929.0,Marketplace,UPI,New Customer,Delivered
ORD100199,2025-07-20,CUST10387,Pune,Maharashtra,Fashion,Sneakers,1,7914.0,0.1,791.4,0,7122.6,Mobile App,UPI,New Customer,Delivered
ORD100281,2025-07-20,CUST10500,Kolkata,West Bengal,Electronics,Smartwatch,1,50980.0,0.1,5098.0,99,45981.0,Website,Debit Card,Returning Customer,Delivered
ORD101117,2025-07-20,CUST10596,Delhi,Delhi,Sports,Yoga Mat,1,3192.0,0.0,0.0,79,3271.0,Website,Credit Card,Returning Customer,Delivered
ORD101524,2025-07-20,CUST10541,Bengaluru,Karnataka,Sports,Dumbbells,1,908.0,0.2,181.6,0,726.4,Website,Debit Card,New Customer,Delivered
ORD101782,2025-07-20,CUST10407,Kolkata,West Bengal,Electronics,Smartphone,1,4894.0,0.0,0.0,79,4973.0,Website,UPI,Returning Customer,Delivered
ORD100842,2025-07-21,CUST10066,Indore,Madhya Pradesh,Beauty,Perfume,1,4085.0,0.0,0.0,49,4134.0,Website,Credit Card,Returning Customer,Delivered
ORD101240,2025-07-21,CUST10191,Indore,Madhya Pradesh,Sports,Cricket Bat,1,2044.0,0.2,408.8,99,1734.2,Marketplace,Credit Card,New Customer,Delivered
ORD101385,2025-07-21,CUST10052,Lucknow,Uttar Pradesh,Home & Kitchen,Vacuum Cleaner,2,6220.0,0.0,0.0,0,12440.0,Marketplace,Credit Card,Returning Customer,Delivered
ORD101754,2025-07-21,CUST10100,Hyderabad,Telangana,Home & Kitchen,Cookware Set,1,13467.0,0.1,1346.7,0,12120.3,Marketplace,Credit Card,Returning Customer,Delivered
ORD100013,2025-07-22,CUST10198,Ahmedabad,Gujarat,Home & Kitchen,Vacuum Cleaner,1,4738.0,0.15,710.7,49,4076.3,Website,Cash on Delivery,Returning Customer,Delivered
ORD100172,2025-07-22,CUST10142,Kolkata,West Bengal,Beauty,Shampoo,3,3471.0,0.2,2082.6,0,8330.4,Mobile App,Wallet,New Customer,Delivered
ORD100564,2025-07-22,CUST10336,Hyderabad,Telangana,Home & Kitchen,Vacuum Cleaner,1,2805.0,0.15,420.75,79,396.73,Website,Cash on Delivery,Returning Customer,Returned
ORD100946,2025-07-22,CUST10286,Hyderabad,Telangana,Electronics,Smartwatch,2,20108.0,0.05,2010.8,79,0.0,Mobile App,Wallet,New Customer,Cancelled
ORD100969,2025-07-22,CUST10372,Pune,Maharashtra,Electronics,Laptop,1,14555.0,0.2,2911.0,49,0.0,Website,Wallet,Returning Customer,Cancelled
ORD101371,2025-07-22,CUST10469,Lucknow,Uttar Pradesh,Sports,Yoga Mat,2,6845.0,0.05,684.5,149,13154.5,Mobile App,Debit Card,Returning Customer,Delivered
ORD100029,2025-07-23,CUST10023,Hyderabad,Telangana,Sports,Dumbbells,1,9279.0,0.15,1391.85,0,1078.73,Website,Wallet,VIP,Returned
ORD100220,2025-07-23,CUST10096,Chennai,Tamil Nadu,Fashion,Sneakers,1,1284.0,0.0,0.0,99,1383.0,Mobile App,Cash on Delivery,Returning Customer,Delivered
ORD100457,2025-07-23,CUST10311,Kochi,Kerala,Beauty,Face Wash,1,1245.0,0.0,0.0,0,0.0,Website,Credit Card,New Customer,Cancelled
ORD100848,2025-07-23,CUST10220,Ahmedabad,Gujarat,Fashion,Backpack,1,6181.0,0.0,0.0,149,6330.0,Website,UPI,Returning Customer,Delivered
ORD101183,2025-07-23,CUST10334,Chennai,Tamil Nadu,Sports,Football,3,10057.0,0.15,4525.65,0,3009.99,Mobile App,Wallet,Returning Customer,Returned
ORD101264,2025-07-23,CUST10356,Lucknow,Uttar Pradesh,Sports,Cricket Bat,2,5059.0,0.0,0.0,99,0.0,Website,UPI,New Customer,Cancelled
ORD101900,2025-07-23,CUST10037,Bengaluru,Karnataka,Sports,Football,1,9911.0,0.05,495.55,99,9514.45,Marketplace,Cash on Delivery,Returning Customer,Delivered
ORD100171,2025-07-24,CUST10250,Chennai,Tamil Nadu,Home & Kitchen,Cookware Set,1,3237.0,0.15,485.55,0,2751.45,Mobile App,Credit Card,New Customer,Delivered
ORD100555,2025-07-24,CUST10270,Hyderabad,Telangana,Electronics,Smartwatch,1,22636.0,0.1,2263.6,49,20421.4,Website,Debit Card,VIP,Delivered
ORD100623,2025-07-24,CUST10007,Lucknow,Uttar Pradesh,Fashion,Sneakers,1,1077.0,0.05,53.85,49,1072.15,Website,Credit Card,New Customer,Delivered
ORD100713,2025-07-24,CUST10387,Jaipur,Rajasthan,Electronics,Tablet,1,38489.0,0.0,0.0,99,38588.0,Website,Net Banking,Returning Customer,Delivered
ORD101502,2025-07-24,CUST10477,Pune,Maharashtra,Electronics,Smartphone,1,25844.0,0.05,1292.2,149,24700.8,Website,UPI,Returning Customer,Delivered
ORD101619,2025-07-24,CUST10132,Delhi,Delhi,Home & Kitchen,Mixer,1,17859.0,0.1,1785.9,149,16222.1,Website,Credit Card,Returning Customer,Delivered
ORD101901,2025-07-24,CUST10061,Indore,Madhya Pradesh,Fashion,Jacket,1,8865.0,0.05,443.25,79,0.0,Marketplace,Wallet,Returning Customer,Cancelled
ORD101911,2025-07-24,CUST10016,Delhi,Delhi,Home & Kitchen,Air Fryer,1,17202.0,0.1,1720.2,0,0.0,Mobile App,UPI,New Customer,Cancelled
ORD100143,2025-07-25,CUST10095,Mumbai,Maharashtra,Electronics,Laptop,3,41915.0,0.15,18861.75,0,12050.61,Mobile App,Debit Card,Returning Customer,Returned
ORD101062,2025-07-25,CUST10041,Pune,Maharashtra,Home & Kitchen,Mixer,1,10084.0,0.0,0.0,0,0.0,Website,UPI,Returning Customer,Cancelled
ORD101193,2025-07-25,CUST10228,Pune,Maharashtra,Home & Kitchen,Mixer,1,8676.0,0.1,867.6,0,484.98,Marketplace,Net Banking,Returning Customer,Returned
ORD101397,2025-07-25,CUST10444,Delhi,Delhi,Beauty,Face Wash,1,1808.0,0.0,0.0,49,1857.0,Marketplace,Debit Card,Returning Customer,Delivered
ORD101795,2025-07-25,CUST10328,Jaipur,Rajasthan,Sports,Dumbbells,2,11878.0,0.05,1187.8,79,22647.2,Mobile App,UPI,Returning Customer,Delivered
ORD100114,2025-07-26,CUST10024,Pune,Maharashtra,Electronics,Headphones,1,30447.0,0.15,4567.05,79,0.0,Mobile App,Credit Card,New Customer,Cancelled
ORD100268,2025-07-26,CUST10021,Kochi,Kerala,Home & Kitchen,Vacuum Cleaner,1,12977.0,0.0,0.0,49,1066.81,Mobile App,Net Banking,Returning Customer,Returned
ORD100294,2025-07-26,CUST10094,Indore,Madhya Pradesh,Electronics,Headphones,2,52321.0,0.2,20928.4,49,83762.6,Marketplace,Debit Card,Returning Customer,Delivered
ORD100445,2025-07-26,CUST10333,Bengaluru,Karnataka,Electronics,Tablet,2,20722.0,0.0,0.0,49,0.0,Mobile App,Debit Card,New Customer,Cancelled
ORD100310,2025-07-27,CUST10072,Delhi,Delhi,Beauty,Moisturizer,1,535.0,0.1,53.5,0,481.5,Marketplace,Net Banking,Returning Customer,Delivered
ORD100688,2025-07-27,CUST10378,Lucknow,Uttar Pradesh,Sports,Cricket Bat,1,8591.0,0.05,429.55,49,8210.45,Website,UPI,Returning Customer,Delivered
ORD101098,2025-07-27,CUST10278,Ahmedabad,Gujarat,Home & Kitchen,Mixer,1,17084.0,0.0,0.0,0,17084.0,Marketplace,Wallet,New Customer,Delivered
ORD101562,2025-07-27,CUST10184,Mumbai,Maharashtra,Fashion,Jacket,3,2822.0,0.0,0.0,149,8615.0,Mobile App,Credit Card,Returning Customer,Delivered
ORD100385,2025-07-28,CUST10079,Lucknow,Uttar Pradesh,Fashion,T-Shirt,1,1723.0,0.15,258.45,49,1513.55,Mobile App,Debit Card,VIP,Delivered
ORD100480,2025-07-28,CUST10046,Jaipur,Rajasthan,Home & Kitchen,Vacuum Cleaner,1,1078.0,0.2,215.6,0,862.4,Mobile App,UPI,Returning Customer,Delivered
ORD100593,2025-07-28,CUST10300,Bengaluru,Karnataka,Electronics,Headphones,1,53220.0,0.2,10644.0,99,0.0,Marketplace,Credit Card,New Customer,Cancelled
ORD100827,2025-07-28,CUST10105,Bengaluru,Karnataka,Home & Kitchen,Air Fryer,2,1222.0,0.0,0.0,0,2444.0,Website,UPI,Returning Customer,Delivered
ORD101415,2025-07-28,CUST10444,Pune,Maharashtra,Electronics,Smartphone,1,53947.0,0.1,5394.7,99,0.0,Mobile App,Wallet,Returning Customer,Cancelled
ORD101419,2025-07-28,CUST10345,Kolkata,West Bengal,Electronics,Tablet,1,58381.0,0.0,0.0,79,58460.0,Mobile App,Wallet,Returning Customer,Delivered
ORD101629,2025-07-28,CUST10072,Ahmedabad,Gujarat,Sports,Running Shoes,1,7128.0,0.0,0.0,99,0.0,Marketplace,Net Banking,New Customer,Cancelled
ORD100934,2025-07-29,CUST10034,Hyderabad,Telangana,Beauty,Face Wash,1,3674.0,0.0,0.0,49,0.0,Mobile App,Net Banking,New Customer,Cancelled
ORD101135,2025-07-29,CUST10334,Mumbai,Maharashtra,Beauty,Face Wash,1,5499.0,0.1,549.9,0,0.0,Mobile App,Cash on Delivery,Returning Customer,Cancelled
ORD101408,2025-07-29,CUST10036,Chennai,Tamil Nadu,Fashion,Sneakers,1,2687.0,0.0,0.0,79,2766.0,Website,Debit Card,Returning Customer,Delivered
ORD100073,2025-07-30,CUST10018,Indore,Madhya Pradesh,Electronics,Headphones,1,30807.0,0.05,1540.35,49,29315.65,Website,Net Banking,Returning Customer,Delivered
ORD100461,2025-07-30,CUST10483,Pune,Maharashtra,Fashion,Jacket,1,6455.0,0.0,0.0,49,1595.37,Marketplace,UPI,New Customer,Returned
ORD101189,2025-07-30,CUST10401,Kolkata,West Bengal,Home & Kitchen,Mixer,1,3771.0,0.0,0.0,79,3850.0,Website,UPI,Returning Customer,Delivered
ORD101954,2025-07-30,CUST10051,Delhi,Delhi,Home & Kitchen,Vacuum Cleaner,1,8849.0,0.2,1769.8,0,7079.2,Mobile App,UPI,VIP,Delivered
ORD100043,2025-07-31,CUST10256,Chennai,Tamil Nadu,Home & Kitchen,Mixer,1,5242.0,0.0,0.0,0,1257.87,Mobile App,Wallet,New Customer,Returned
ORD100546,2025-07-31,CUST10512,Mumbai,Maharashtra,Sports,Running Shoes,1,3550.0,0.1,355.0,149,3344.0,Website,Credit Card,New Customer,Delivered
ORD100676,2025-07-31,CUST10279,Delhi,Delhi,Electronics,Smartphone,1,20215.0,0.0,0.0,149,20364.0,Website,Net Banking,New Customer,Delivered
ORD100958,2025-07-31,CUST10310,Indore,Madhya Pradesh,Fashion,Jacket,1,1393.0,0.0,0.0,99,0.0,Mobile App,UPI,VIP,Cancelled
ORD101490,2025-07-31,CUST10186,Pune,Maharashtra,Home & Kitchen,Coffee Maker,1,17978.0,0.2,3595.6,79,14461.4,Website,Credit Card,Returning Customer,Delivered
ORD101560,2025-07-31,CUST10225,Kochi,Kerala,Home & Kitchen,Vacuum Cleaner,1,13053.0,0.0,0.0,0,13053.0,Marketplace,Credit Card,Returning Customer,Delivered
ORD101838,2025-07-31,CUST10130,Hyderabad,Telangana,Home & Kitchen,Cookware Set,1,9474.0,0.1,947.4,49,8575.6,Website,Cash on Delivery,New Customer,Delivered
ORD101902,2025-07-31,CUST10331,Delhi,Delhi,Sports,Cricket Bat,1,5566.0,0.0,0.0,49,5615.0,Website,Wallet,Returning Customer,Delivered
ORD100810,2025-08-01,CUST10408,Indore,Madhya Pradesh,Fashion,T-Shirt,1,4022.0,0.0,0.0,49,4071.0,Mobile App,Credit Card,New Customer,Delivered
ORD101124,2025-08-01,CUST10243,Bengaluru,Karnataka,Sports,Cricket Bat,1,5785.0,0.0,0.0,79,409.2,Website,Credit Card,VIP,Returned
ORD101444,2025-08-01,CUST10552,Jaipur,Rajasthan,Home & Kitchen,Air Fryer,1,3078.0,0.05,153.9,49,2973.1,Mobile App,Credit Card,Returning Customer,Delivered
ORD101699,2025-08-01,CUST10279,Jaipur,Rajasthan,Home & Kitchen,Air Fryer,1,8450.0,0.15,1267.5,49,7231.5,Mobile App,Credit Card,VIP,Delivered
ORD100176,2025-08-02,CUST10058,Bengaluru,Karnataka,Electronics,Smartwatch,1,8818.0,0.1,881.8,0,775.84,Mobile App,Debit Card,Returning Customer,Returned
ORD100389,2025-08-02,CUST10324,Hyderabad,Telangana,Electronics,Smartwatch,1,18007.0,0.0,0.0,99,18106.0,Mobile App,Credit Card,Returning Customer,Delivered
ORD100949,2025-08-02,CUST10512,Indore,Madhya Pradesh,Electronics,Tablet,1,18668.0,0.0,0.0,99,18767.0,Mobile App,UPI,Returning Customer,Delivered
ORD101328,2025-08-02,CUST10566,Bengaluru,Karnataka,Sports,Running Shoes,2,5657.0,0.1,1131.4,79,10261.6,Website,UPI,New Customer,Delivered
ORD101825,2025-08-02,CUST10329,Chennai,Tamil Nadu,Home & Kitchen,Coffee Maker,1,17763.0,0.15,2664.45,149,1411.82,Mobile App,Net Banking,New Customer,Returned
ORD101882,2025-08-02,CUST10592,Chennai,Tamil Nadu,Fashion,Jacket,1,8294.0,0.0,0.0,0,0.0,Marketplace,UPI,VIP,Cancelled
ORD101913,2025-08-02,CUST10598,Pune,Maharashtra,Fashion,Sneakers,1,1087.0,0.0,0.0,0,165.75,Mobile App,Debit Card,Returning Customer,Returned
ORD100835,2025-08-03,CUST10104,Kochi,Kerala,Electronics,Laptop,1,24635.0,0.1,2463.5,49,22220.5,Mobile App,Credit Card,VIP,Delivered
ORD100959,2025-08-03,CUST10594,Kolkata,West Bengal,Home & Kitchen,Air Fryer,1,16637.0,0.1,1663.7,49,15022.3,Website,UPI,Returning Customer,Delivered
ORD101679,2025-08-03,CUST10510,Hyderabad,Telangana,Sports,Cricket Bat,1,8983.0,0.1,898.3,0,1510.45,Website,UPI,New Customer,Returned
ORD101845,2025-08-03,CUST10362,Delhi,Delhi,Electronics,Smartwatch,1,54887.0,0.05,2744.35,49,52191.65,Marketplace,UPI,New Customer,Delivered
ORD100121,2025-08-04,CUST10178,Delhi,Delhi,Electronics,Tablet,1,1818.0,0.0,0.0,149,1967.0,Website,Credit Card,New Customer,Delivered
ORD100414,2025-08-04,CUST10337,Jaipur,Rajasthan,Electronics,Smartphone,2,1089.0,0.0,0.0,0,2178.0,Website,Debit Card,Returning Customer,Delivered
ORD100616,2025-08-04,CUST10049,Hyderabad,Telangana,Fashion,Jacket,1,1313.0,0.0,0.0,0,1313.0,Mobile App,Credit Card,VIP,Delivered
ORD101292,2025-08-04,CUST10490,Mumbai,Maharashtra,Fashion,T-Shirt,1,1059.0,0.1,105.9,49,1002.1,Mobile App,Cash on Delivery,New Customer,Delivered
ORD101677,2025-08-04,CUST10411,Ahmedabad,Gujarat,Beauty,Perfume,1,2095.0,0.1,209.5,99,309.83,Website,UPI,New Customer,Returned
ORD100033,2025-08-05,CUST10099,Kolkata,West Bengal,Home & Kitchen,Air Fryer,2,5436.0,0.0,0.0,79,10951.0,Website,Credit Card,Returning Customer,Delivered
ORD100904,2025-08-05,CUST10069,Ahmedabad,Gujarat,Sports,Dumbbells,1,757.0,0.0,0.0,0,52.42,Marketplace,Credit Card,Returning Customer,Returned
ORD101036,2025-08-05,CUST10093,Ahmedabad,Gujarat,Fashion,Jacket,3,3935.0,0.1,1180.5,0,10624.5,Website,UPI,New Customer,Delivered
ORD100193,2025-08-06,CUST10424,Pune,Maharashtra,Home & Kitchen,Vacuum Cleaner,2,4680.0,0.0,0.0,49,0.0,Mobile App,Credit Card,Returning Customer,Cancelled
ORD100231,2025-08-06,CUST10434,Ahmedabad,Gujarat,Home & Kitchen,Vacuum Cleaner,1,17829.0,0.0,0.0,49,17878.0,Mobile App,Debit Card,Returning Customer,Delivered
ORD100602,2025-08-06,CUST10466,Lucknow,Uttar Pradesh,Beauty,Moisturizer,1,655.0,0.0,0.0,0,655.0,Website,Credit Card,Returning Customer,Delivered
ORD100687,2025-08-06,CUST10180,Indore,Madhya Pradesh,Electronics,Tablet,2,2778.0,0.05,277.8,49,1300.8,Mobile App,UPI,New Customer,Returned
ORD101134,2025-08-06,CUST10469,Delhi,Delhi,Beauty,Perfume,1,2139.0,0.0,0.0,149,0.0,Website,Wallet,New Customer,Cancelled
ORD101388,2025-08-06,CUST10048,Lucknow,Uttar Pradesh,Home & Kitchen,Air Fryer,1,13179.0,0.0,0.0,0,13179.0,Mobile App,UPI,Returning Customer,Delivered
ORD101492,2025-08-06,CUST10189,Kolkata,West Bengal,Beauty,Moisturizer,1,1037.0,0.1,103.7,49,0.0,Marketplace,UPI,New Customer,Cancelled
ORD101905,2025-08-06,CUST10505,Jaipur,Rajasthan,Fashion,Sneakers,1,2974.0,0.05,148.7,79,0.0,Website,UPI,New Customer,Cancelled
ORD100437,2025-08-07,CUST10336,Jaipur,Rajasthan,Sports,Football,2,2869.0,0.2,1147.6,0,4590.4,Marketplace,UPI,New Customer,Delivered
ORD101039,2025-08-07,CUST10379,Jaipur,Rajasthan,Electronics,Laptop,1,6851.0,0.0,0.0,149,832.3,Mobile App,Wallet,VIP,Returned
ORD101059,2025-08-07,CUST10335,Lucknow,Uttar Pradesh,Electronics,Smartphone,1,10308.0,0.05,515.4,79,0.0,Website,Cash on Delivery,Returning Customer,Cancelled
ORD101312,2025-08-07,CUST10310,Kochi,Kerala,Home & Kitchen,Vacuum Cleaner,1,16444.0,0.0,0.0,79,0.0,Marketplace,Credit Card,Returning Customer,Cancelled
ORD101468,2025-08-07,CUST10024,Lucknow,Uttar Pradesh,Fashion,T-Shirt,1,4542.0,0.0,0.0,79,1115.73,Mobile App,Net Banking,VIP,Returned
ORD100039,2025-08-08,CUST10387,Delhi,Delhi,Home & Kitchen,Air Fryer,1,13467.0,0.1,1346.7,99,12219.3,Mobile App,Wallet,New Customer,Delivered
ORD100132,2025-08-08,CUST10584,Pune,Maharashtra,Electronics,Tablet,1,14334.0,0.05,716.7,49,0.0,Mobile App,Debit Card,New Customer,Cancelled
ORD100282,2025-08-08,CUST10576,Chennai,Tamil Nadu,Beauty,Perfume,1,1162.0,0.0,0.0,79,0.0,Mobile App,Cash on Delivery,Returning Customer,Cancelled
ORD100376,2025-08-08,CUST10126,Ahmedabad,Gujarat,Electronics,Smartwatch,1,37889.0,0.15,5683.35,99,0.0,Website,Net Banking,New Customer,Cancelled
ORD100478,2025-08-08,CUST10283,Jaipur,Rajasthan,Electronics,Headphones,1,44870.0,0.15,6730.5,79,38218.5,Mobile App,UPI,Returning Customer,Delivered
ORD100833,2025-08-08,CUST10130,Chennai,Tamil Nadu,Home & Kitchen,Air Fryer,1,17526.0,0.0,0.0,49,3934.53,Mobile App,Credit Card,New Customer,Returned
ORD100924,2025-08-08,CUST10459,Hyderabad,Telangana,Sports,Yoga Mat,2,6029.0,0.0,0.0,0,12058.0,Marketplace,Wallet,VIP,Delivered
ORD100970,2025-08-08,CUST10308,Bengaluru,Karnataka,Fashion,T-Shirt,1,1011.0,0.05,50.55,99,1059.45,Website,Debit Card,VIP,Delivered
ORD101052,2025-08-08,CUST10036,Lucknow,Uttar Pradesh,Fashion,T-Shirt,1,8985.0,0.1,898.5,0,8086.5,Mobile App,UPI,Returning Customer,Delivered
ORD101093,2025-08-08,CUST10051,Lucknow,Uttar Pradesh,Fashion,Jacket,1,7255.0,0.1,725.5,0,6529.5,Mobile App,UPI,VIP,Delivered
ORD101772,2025-08-08,CUST10331,Bengaluru,Karnataka,Sports,Cricket Bat,1,1801.0,0.2,360.2,49,1489.8,Marketplace,Wallet,Returning Customer,Delivered
ORD101944,2025-08-08,CUST10514,Indore,Madhya Pradesh,Fashion,Backpack,2,3640.0,0.05,364.0,0,1241.47,Marketplace,Credit Card,Returning Customer,Returned
ORD101998,2025-08-08,CUST10564,Hyderabad,Telangana,Electronics,Smartwatch,1,13337.0,0.15,2000.55,0,11336.45,Mobile App,Debit Card,New Customer,Delivered
ORD100113,2025-08-09,CUST10549,Kolkata,West Bengal,Electronics,Smartwatch,2,43055.0,0.0,0.0,49,86159.0,Marketplace,Wallet,Returning Customer,Delivered
ORD100242,2025-08-09,CUST10282,Chennai,Tamil Nadu,Sports,Football,1,8770.0,0.05,438.5,49,8380.5,Marketplace,UPI,Returning Customer,Delivered
ORD100534,2025-08-09,CUST10197,Pune,Maharashtra,Home & Kitchen,Vacuum Cleaner,1,16835.0,0.1,1683.5,49,0.0,Website,Debit Card,Returning Customer,Cancelled
ORD100708,2025-08-09,CUST10227,Jaipur,Rajasthan,Home & Kitchen,Air Fryer,1,7446.0,0.1,744.6,49,734.12,Website,Credit Card,New Customer,Returned
ORD100783,2025-08-09,CUST10523,Ahmedabad,Gujarat,Sports,Dumbbells,1,8405.0,0.05,420.25,99,8083.75,Mobile App,Wallet,New Customer,Delivered
ORD101612,2025-08-09,CUST10368,Kolkata,West Bengal,Home & Kitchen,Air Fryer,1,16977.0,0.05,848.85,49,0.0,Website,Credit Card,Returning Customer,Cancelled
ORD100074,2025-08-10,CUST10458,Delhi,Delhi,Fashion,T-Shirt,1,1735.0,0.0,0.0,99,1834.0,Marketplace,Credit Card,Returning Customer,Delivered
ORD100709,2025-08-10,CUST10179,Jaipur,Rajasthan,Fashion,Jacket,1,6169.0,0.1,616.9,0,5552.1,Marketplace,Net Banking,VIP,Delivered
ORD100916,2025-08-10,CUST10189,Hyderabad,Telangana,Sports,Cricket Bat,1,2022.0,0.1,202.2,79,365.31,Website,Debit Card,Returning Customer,Returned
ORD101314,2025-08-10,CUST10456,Lucknow,Uttar Pradesh,Beauty,Shampoo,2,897.0,0.0,0.0,0,1794.0,Mobile App,Debit Card,Returning Customer,Delivered
ORD100155,2025-08-11,CUST10561,Jaipur,Rajasthan,Home & Kitchen,Vacuum Cleaner,2,4487.0,0.2,1794.8,79,7258.2,Website,UPI,New Customer,Delivered
ORD101212,2025-08-11,CUST10032,Mumbai,Maharashtra,Electronics,Headphones,3,50830.0,0.15,22873.5,79,0.0,Website,Net Banking,Returning Customer,Cancelled
ORD101669,2025-08-11,CUST10262,Delhi,Delhi,Electronics,Tablet,1,44196.0,0.0,0.0,99,44295.0,Website,Debit Card,New Customer,Delivered
ORD100517,2025-08-12,CUST10502,Lucknow,Uttar Pradesh,Beauty,Moisturizer,1,3085.0,0.0,0.0,0,0.0,Mobile App,Credit Card,New Customer,Cancelled
ORD100819,2025-08-12,CUST10431,Mumbai,Maharashtra,Sports,Dumbbells,1,4906.0,0.15,735.9,149,785.92,Marketplace,Credit Card,Returning Customer,Returned
ORD101083,2025-08-12,CUST10306,Lucknow,Uttar Pradesh,Home & Kitchen,Air Fryer,1,3031.0,0.05,151.55,149,3028.45,Mobile App,Debit Card,New Customer,Delivered
ORD101641,2025-08-12,CUST10220,Delhi,Delhi,Fashion,Backpack,1,2045.0,0.0,0.0,49,2094.0,Mobile App,Cash on Delivery,Returning Customer,Delivered
ORD101733,2025-08-12,CUST10445,Indore,Madhya Pradesh,Fashion,T-Shirt,1,6524.0,0.0,0.0,0,6524.0,Mobile App,Net Banking,Returning Customer,Delivered
ORD101862,2025-08-12,CUST10306,Lucknow,Uttar Pradesh,Fashion,Backpack,1,8860.0,0.0,0.0,49,8909.0,Marketplace,UPI,VIP,Delivered
ORD101867,2025-08-12,CUST10225,Hyderabad,Telangana,Electronics,Laptop,1,34215.0,0.15,5132.25,0,29082.75,Mobile App,Net Banking,Returning Customer,Delivered
ORD100212,2025-08-13,CUST10494,Jaipur,Rajasthan,Electronics,Smartphone,2,4716.0,0.15,1414.8,49,0.0,Website,Net Banking,Returning Customer,Cancelled
ORD101157,2025-08-13,CUST10158,Kochi,Kerala,Sports,Football,1,7185.0,0.1,718.5,0,1587.07,Website,UPI,Returning Customer,Returned
ORD101379,2025-08-13,CUST10553,Lucknow,Uttar Pradesh,Fashion,Sneakers,1,1159.0,0.0,0.0,0,0.0,Mobile App,Wallet,New Customer,Cancelled
ORD101792,2025-08-13,CUST10339,Kochi,Kerala,Fashion,Backpack,1,8195.0,0.0,0.0,0,0.0,Mobile App,Debit Card,Returning Customer,Cancelled
ORD101826,2025-08-13,CUST10344,Bengaluru,Karnataka,Fashion,Jacket,2,1100.0,0.0,0.0,79,0.0,Website,Debit Card,Returning Customer,Cancelled
ORD101922,2025-08-13,CUST10217,Chennai,Tamil Nadu,Fashion,T-Shirt,2,5740.0,0.15,1722.0,0,9758.0,Mobile App,Credit Card,New Customer,Delivered
ORD101937,2025-08-13,CUST10046,Lucknow,Uttar Pradesh,Electronics,Tablet,1,14344.0,0.05,717.2,49,13675.8,Marketplace,Credit Card,VIP,Delivered
ORD100234,2025-08-14,CUST10446,Delhi,Delhi,Electronics,Smartphone,1,32889.0,0.1,3288.9,0,6977.69,Mobile App,Debit Card,Returning Customer,Returned
ORD100441,2025-08-14,CUST10336,Ahmedabad,Gujarat,Beauty,Face Wash,1,2514.0,0.05,125.7,49,2437.3,Website,UPI,Returning Customer,Delivered
ORD100661,2025-08-14,CUST10267,Jaipur,Rajasthan,Fashion,Jeans,1,6657.0,0.0,0.0,99,6756.0,Website,Debit Card,New Customer,Delivered
ORD101275,2025-08-14,CUST10506,Kolkata,West Bengal,Beauty,Face Wash,1,4682.0,0.0,0.0,0,4682.0,Marketplace,Net Banking,New Customer,Delivered
ORD101693,2025-08-14,CUST10577,Lucknow,Uttar Pradesh,Fashion,Jacket,1,3922.0,0.05,196.1,49,3774.9,Marketplace,Cash on Delivery,New Customer,Delivered
ORD101965,2025-08-14,CUST10218,Bengaluru,Karnataka,Home & Kitchen,Mixer,1,2242.0,0.15,336.3,99,2004.7,Mobile App,Credit Card,Returning Customer,Delivered
ORD101990,2025-08-14,CUST10267,Chennai,Tamil Nadu,Fashion,Jacket,1,3939.0,0.0,0.0,79,4018.0,Mobile App,UPI,New Customer,Delivered
ORD100319,2025-08-15,CUST10180,Hyderabad,Telangana,Fashion,Jeans,1,6050.0,0.15,907.5,49,5191.5,Website,Cash on Delivery,Returning Customer,Delivered
ORD100507,2025-08-15,CUST10020,Indore,Madhya Pradesh,Electronics,Smartphone,1,39239.0,0.0,0.0,149,0.0,Mobile App,UPI,Returning Customer,Cancelled
ORD100768,2025-08-15,CUST10444,Delhi,Delhi,Electronics,Tablet,1,21877.0,0.0,0.0,49,0.0,Website,Debit Card,Returning Customer,Cancelled
ORD101316,2025-08-15,CUST10358,Lucknow,Uttar Pradesh,Home & Kitchen,Vacuum Cleaner,1,6169.0,0.05,308.45,99,5959.55,Website,Credit Card,Returning Customer,Delivered
ORD100128,2025-08-16,CUST10427,Kochi,Kerala,Electronics,Tablet,1,49882.0,0.15,7482.3,79,42478.7,Website,UPI,New Customer,Delivered
ORD100228,2025-08-16,CUST10104,Chennai,Tamil Nadu,Electronics,Headphones,1,26269.0,0.1,2626.9,49,23691.1,Website,Cash on Delivery,Returning Customer,Delivered
ORD100926,2025-08-16,CUST10574,Lucknow,Uttar Pradesh,Home & Kitchen,Cookware Set,1,7409.0,0.1,740.9,99,6767.1,Website,UPI,VIP,Delivered
ORD101210,2025-08-16,CUST10335,Mumbai,Maharashtra,Electronics,Headphones,1,10367.0,0.0,0.0,0,10367.0,Mobile App,Cash on Delivery,New Customer,Delivered
ORD101461,2025-08-16,CUST10011,Ahmedabad,Gujarat,Home & Kitchen,Cookware Set,1,8380.0,0.0,0.0,49,893.36,Mobile App,Debit Card,New Customer,Returned
ORD101623,2025-08-16,CUST10147,Jaipur,Rajasthan,Sports,Dumbbells,1,8038.0,0.1,803.8,49,7283.2,Website,Credit Card,Returning Customer,Delivered
ORD101895,2025-08-16,CUST10320,Indore,Madhya Pradesh,Sports,Football,1,9280.0,0.0,0.0,0,2101.77,Website,Wallet,New Customer,Returned
ORD101981,2025-08-16,CUST10543,Hyderabad,Telangana,Sports,Running Shoes,1,7263.0,0.0,0.0,0,7263.0,Website,Wallet,New Customer,Delivered
ORD100330,2025-08-17,CUST10401,Chennai,Tamil Nadu,Home & Kitchen,Cookware Set,2,4266.0,0.15,1279.8,49,7301.2,Mobile App,Credit Card,New Customer,Delivered
ORD100789,2025-08-17,CUST10568,Chennai,Tamil Nadu,Home & Kitchen,Coffee Maker,1,11572.0,0.2,2314.4,0,1099.53,Mobile App,Cash on Delivery,Returning Customer,Returned
ORD101006,2025-08-17,CUST10308,Lucknow,Uttar Pradesh,Fashion,Sneakers,1,3990.0,0.1,399.0,79,3670.0,Mobile App,Credit Card,New Customer,Delivered
ORD101007,2025-08-17,CUST10254,Indore,Madhya Pradesh,Sports,Football,2,11022.0,0.2,4408.8,99,17734.2,Marketplace,UPI,New Customer,Delivered
ORD101216,2025-08-17,CUST10362,Lucknow,Uttar Pradesh,Fashion,T-Shirt,3,2097.0,0.2,1258.2,49,0.0,Website,Credit Card,Returning Customer,Cancelled
ORD101445,2025-08-17,CUST10352,Lucknow,Uttar Pradesh,Fashion,T-Shirt,1,5466.0,0.15,819.9,99,4745.1,Website,Net Banking,Returning Customer,Delivered
ORD101796,2025-08-17,CUST10071,Hyderabad,Telangana,Sports,Cricket Bat,1,8064.0,0.15,1209.6,49,6903.4,Marketplace,Credit Card,New Customer,Delivered
ORD100543,2025-08-18,CUST10096,Delhi,Delhi,Home & Kitchen,Air Fryer,1,2301.0,0.1,230.1,49,2119.9,Mobile App,UPI,Returning Customer,Delivered
ORD100964,2025-08-18,CUST10363,Bengaluru,Karnataka,Home & Kitchen,Cookware Set,1,2228.0,0.0,0.0,0,2228.0,Mobile App,UPI,New Customer,Delivered
ORD101094,2025-08-18,CUST10298,Pune,Maharashtra,Electronics,Smartwatch,1,20755.0,0.0,0.0,0,20755.0,Mobile App,Credit Card,Returning Customer,Delivered
ORD101120,2025-08-18,CUST10200,Kochi,Kerala,Electronics,Smartwatch,2,8978.0,0.0,0.0,49,18005.0,Website,UPI,New Customer,Delivered
ORD101161,2025-08-18,CUST10400,Delhi,Delhi,Electronics,Laptop,1,13094.0,0.05,654.7,0,12439.3,Mobile App,Cash on Delivery,Returning Customer,Delivered
ORD100010,2025-08-19,CUST10259,Chennai,Tamil Nadu,Home & Kitchen,Vacuum Cleaner,2,5262.0,0.05,526.2,0,0.0,Website,Credit Card,New Customer,Cancelled
ORD100117,2025-08-19,CUST10028,Kolkata,West Bengal,Home & Kitchen,Vacuum Cleaner,1,10877.0,0.0,0.0,49,10926.0,Website,Debit Card,New Customer,Delivered
ORD100297,2025-08-19,CUST10494,Bengaluru,Karnataka,Sports,Football,1,5054.0,0.1,505.4,99,0.0,Website,UPI,New Customer,Cancelled
ORD100660,2025-08-19,CUST10059,Lucknow,Uttar Pradesh,Electronics,Headphones,1,7348.0,0.0,0.0,0,0.0,Website,Wallet,VIP,Cancelled
ORD101119,2025-08-19,CUST10392,Indore,Madhya Pradesh,Home & Kitchen,Coffee Maker,1,3471.0,0.05,173.55,49,3346.45,Mobile App,Credit Card,New Customer,Delivered
ORD101351,2025-08-19,CUST10136,Kochi,Kerala,Home & Kitchen,Cookware Set,1,16170.0,0.0,0.0,99,16269.0,Website,Net Banking,New Customer,Delivered
ORD100152,2025-08-20,CUST10079,Kochi,Kerala,Beauty,Shampoo,1,3914.0,0.1,391.4,99,3621.6,Marketplace,Credit Card,VIP,Delivered
ORD100431,2025-08-20,CUST10435,Ahmedabad,Gujarat,Home & Kitchen,Coffee Maker,2,4891.0,0.0,0.0,49,9831.0,Mobile App,Debit Card,New Customer,Delivered
ORD100443,2025-08-20,CUST10380,Jaipur,Rajasthan,Home & Kitchen,Cookware Set,1,1172.0,0.0,0.0,149,1321.0,Website,Credit Card,Returning Customer,Delivered
ORD100974,2025-08-20,CUST10532,Lucknow,Uttar Pradesh,Fashion,Jeans,1,5358.0,0.2,1071.6,0,4286.4,Website,Net Banking,New Customer,Delivered
ORD101243,2025-08-20,CUST10326,Kolkata,West Bengal,Sports,Cricket Bat,1,2783.0,0.05,139.15,49,2692.85,Website,Cash on Delivery,Returning Customer,Delivered
ORD101790,2025-08-20,CUST10454,Hyderabad,Telangana,Beauty,Moisturizer,1,1150.0,0.2,230.0,0,920.0,Marketplace,UPI,New Customer,Delivered
ORD100158,2025-08-21,CUST10236,Kochi,Kerala,Home & Kitchen,Mixer,1,11631.0,0.0,0.0,149,2305.32,Website,Credit Card,Returning Customer,Returned
ORD100817,2025-08-21,CUST10470,Mumbai,Maharashtra,Electronics,Headphones,1,8291.0,0.0,0.0,49,8340.0,Mobile App,Credit Card,Returning Customer,Delivered
ORD101150,2025-08-21,CUST10040,Bengaluru,Karnataka,Home & Kitchen,Vacuum Cleaner,1,15437.0,0.05,771.85,99,2206.49,Marketplace,Wallet,New Customer,Returned
ORD101802,2025-08-21,CUST10222,Ahmedabad,Gujarat,Beauty,Moisturizer,2,379.0,0.05,37.9,0,720.1,Marketplace,UPI,VIP,Delivered
ORD101893,2025-08-21,CUST10339,Lucknow,Uttar Pradesh,Beauty,Hair Dryer,3,5131.0,0.0,0.0,79,15472.0,Mobile App,UPI,Returning Customer,Delivered
ORD100122,2025-08-22,CUST10352,Delhi,Delhi,Electronics,Smartwatch,1,11141.0,0.0,0.0,79,0.0,Website,Wallet,New Customer,Cancelled
ORD100491,2025-08-22,CUST10474,Chennai,Tamil Nadu,Electronics,Tablet,1,19953.0,0.0,0.0,0,19953.0,Website,UPI,New Customer,Delivered
ORD100944,2025-08-22,CUST10239,Lucknow,Uttar Pradesh,Fashion,Jacket,1,3602.0,0.0,0.0,0,3602.0,Website,UPI,Returning Customer,Delivered
ORD101022,2025-08-22,CUST10036,Hyderabad,Telangana,Electronics,Headphones,2,40340.0,0.0,0.0,0,80680.0,Website,Credit Card,New Customer,Delivered
ORD101353,2025-08-22,CUST10198,Kolkata,West Bengal,Beauty,Face Wash,3,2754.0,0.05,413.1,79,7927.9,Website,Debit Card,New Customer,Delivered
ORD101531,2025-08-22,CUST10524,Pune,Maharashtra,Electronics,Smartwatch,1,24959.0,0.1,2495.9,0,22463.1,Website,UPI,New Customer,Delivered
ORD101715,2025-08-22,CUST10357,Mumbai,Maharashtra,Electronics,Laptop,2,5682.0,0.05,568.2,0,2389.53,Website,Debit Card,New Customer,Returned
ORD101739,2025-08-22,CUST10088,Chennai,Tamil Nadu,Home & Kitchen,Vacuum Cleaner,1,15830.0,0.15,2374.5,0,0.0,Website,Cash on Delivery,New Customer,Cancelled
ORD100235,2025-08-23,CUST10492,Kolkata,West Bengal,Electronics,Tablet,1,9509.0,0.2,1901.8,49,7656.2,Marketplace,UPI,VIP,Delivered
ORD100820,2025-08-23,CUST10142,Mumbai,Maharashtra,Electronics,Smartwatch,1,13995.0,0.0,0.0,49,14044.0,Website,UPI,Returning Customer,Delivered
ORD100867,2025-08-23,CUST10326,Ahmedabad,Gujarat,Sports,Cricket Bat,1,3999.0,0.05,199.95,79,3878.05,Website,Wallet,VIP,Delivered
ORD101888,2025-08-23,CUST10563,Delhi,Delhi,Sports,Dumbbells,1,11926.0,0.05,596.3,49,0.0,Marketplace,Debit Card,New Customer,Cancelled
ORD100056,2025-08-24,CUST10443,Kolkata,West Bengal,Fashion,Jeans,1,2840.0,0.0,0.0,79,2919.0,Website,Wallet,Returning Customer,Delivered
ORD100388,2025-08-24,CUST10106,Bengaluru,Karnataka,Electronics,Laptop,1,12432.0,0.2,2486.4,49,9994.6,Mobile App,Credit Card,New Customer,Delivered
ORD100531,2025-08-24,CUST10127,Delhi,Delhi,Home & Kitchen,Cookware Set,1,4974.0,0.0,0.0,99,5073.0,Marketplace,Debit Card,Returning Customer,Delivered
ORD100063,2025-08-25,CUST10422,Chennai,Tamil Nadu,Fashion,Jacket,1,6274.0,0.0,0.0,79,6353.0,Mobile App,Credit Card,Returning Customer,Delivered
ORD100526,2025-08-25,CUST10286,Pune,Maharashtra,Home & Kitchen,Cookware Set,1,4762.0,0.2,952.4,0,3809.6,Mobile App,Debit Card,New Customer,Delivered
ORD100700,2025-08-25,CUST10139,Chennai,Tamil Nadu,Fashion,T-Shirt,1,3286.0,0.2,657.2,99,457.07,Website,Cash on Delivery,Returning Customer,Returned
ORD100811,2025-08-25,CUST10076,Pune,Maharashtra,Beauty,Face Wash,1,5510.0,0.0,0.0,0,5510.0,Website,Net Banking,New Customer,Delivered
ORD101589,2025-08-25,CUST10223,Ahmedabad,Gujarat,Sports,Yoga Mat,1,7163.0,0.0,0.0,0,7163.0,Mobile App,UPI,New Customer,Delivered
ORD101734,2025-08-25,CUST10475,Kolkata,West Bengal,Home & Kitchen,Vacuum Cleaner,1,12583.0,0.0,0.0,49,12632.0,Website,Credit Card,Returning Customer,Delivered
ORD100054,2025-08-26,CUST10015,Ahmedabad,Gujarat,Electronics,Headphones,1,2659.0,0.15,398.85,49,2309.15,Website,Net Banking,New Customer,Delivered
ORD101672,2025-08-26,CUST10567,Delhi,Delhi,Electronics,Headphones,2,23657.0,0.1,4731.4,49,0.0,Website,UPI,New Customer,Cancelled
ORD101843,2025-08-26,CUST10268,Indore,Madhya Pradesh,Beauty,Moisturizer,1,5758.0,0.0,0.0,149,5907.0,Website,Credit Card,Returning Customer,Delivered
ORD100296,2025-08-27,CUST10179,Indore,Madhya Pradesh,Electronics,Tablet,1,24841.0,0.15,3726.15,99,21213.85,Website,Cash on Delivery,Returning Customer,Delivered
ORD100327,2025-08-27,CUST10429,Hyderabad,Telangana,Beauty,Shampoo,1,3449.0,0.0,0.0,149,3598.0,Website,Credit Card,Returning Customer,Delivered
ORD100802,2025-08-27,CUST10295,Kolkata,West Bengal,Fashion,Jacket,1,1941.0,0.05,97.05,49,256.57,Mobile App,Debit Card,New Customer,Returned
ORD100995,2025-08-27,CUST10023,Kolkata,West Bengal,Electronics,Headphones,1,8893.0,0.05,444.65,99,8547.35,Website,Debit Card,Returning Customer,Delivered
ORD100050,2025-08-28,CUST10374,Indore,Madhya Pradesh,Home & Kitchen,Air Fryer,1,9902.0,0.0,0.0,49,9951.0,Mobile App,UPI,Returning Customer,Delivered
ORD100723,2025-08-28,CUST10464,Kochi,Kerala,Home & Kitchen,Vacuum Cleaner,2,2093.0,0.05,209.3,49,1000.65,Website,Debit Card,Returning Customer,Returned
ORD101051,2025-08-28,CUST10066,Bengaluru,Karnataka,Home & Kitchen,Mixer,1,7073.0,0.2,1414.6,0,0.0,Website,Credit Card,New Customer,Cancelled
ORD101063,2025-08-28,CUST10526,Hyderabad,Telangana,Electronics,Headphones,2,49349.0,0.15,14804.7,0,0.0,Mobile App,Wallet,Returning Customer,Cancelled
ORD101624,2025-08-28,CUST10060,Jaipur,Rajasthan,Sports,Football,1,3793.0,0.15,568.95,0,3224.05,Website,Credit Card,Returning Customer,Delivered
ORD101774,2025-08-28,CUST10308,Ahmedabad,Gujarat,Fashion,Sneakers,1,4446.0,0.0,0.0,49,4495.0,Marketplace,UPI,Returning Customer,Delivered
ORD100240,2025-08-29,CUST10017,Ahmedabad,Gujarat,Home & Kitchen,Mixer,1,2088.0,0.0,0.0,0,2088.0,Mobile App,UPI,Returning Customer,Delivered
ORD100515,2025-08-29,CUST10404,Mumbai,Maharashtra,Fashion,Jacket,1,3227.0,0.0,0.0,0,456.79,Mobile App,UPI,Returning Customer,Returned
ORD101104,2025-08-29,CUST10002,Kolkata,West Bengal,Fashion,T-Shirt,1,5080.0,0.2,1016.0,79,4143.0,Mobile App,Cash on Delivery,VIP,Delivered
ORD101846,2025-08-29,CUST10267,Jaipur,Rajasthan,Electronics,Smartwatch,1,17003.0,0.15,2550.45,0,14452.55,Mobile App,UPI,Returning Customer,Delivered
ORD100032,2025-08-30,CUST10418,Mumbai,Maharashtra,Electronics,Laptop,1,5277.0,0.0,0.0,99,5376.0,Website,Credit Card,Returning Customer,Delivered
ORD100211,2025-08-30,CUST10365,Chennai,Tamil Nadu,Home & Kitchen,Air Fryer,1,16153.0,0.0,0.0,49,16202.0,Mobile App,Wallet,New Customer,Delivered
ORD100624,2025-08-30,CUST10126,Delhi,Delhi,Sports,Yoga Mat,1,1589.0,0.2,317.8,0,0.0,Mobile App,Debit Card,Returning Customer,Cancelled
ORD100956,2025-08-30,CUST10059,Jaipur,Rajasthan,Sports,Yoga Mat,1,8371.0,0.0,0.0,79,8450.0,Website,Cash on Delivery,New Customer,Delivered
ORD101172,2025-08-31,CUST10273,Kochi,Kerala,Home & Kitchen,Air Fryer,1,11955.0,0.0,0.0,0,950.75,Website,UPI,Returning Customer,Returned
ORD100698,2025-09-01,CUST10520,Delhi,Delhi,Sports,Dumbbells,1,11955.0,0.0,0.0,0,11955.0,Mobile App,UPI,New Customer,Delivered
ORD100880,2025-09-01,CUST10091,Jaipur,Rajasthan,Sports,Dumbbells,1,2726.0,0.05,136.3,49,2638.7,Mobile App,UPI,Returning Customer,Delivered
ORD101205,2025-09-01,CUST10500,Jaipur,Rajasthan,Electronics,Smartphone,1,12728.0,0.0,0.0,99,12827.0,Mobile App,Debit Card,Returning Customer,Delivered
ORD101899,2025-09-01,CUST10200,Chennai,Tamil Nadu,Sports,Running Shoes,1,8048.0,0.0,0.0,49,8097.0,Mobile App,Cash on Delivery,VIP,Delivered
ORD100237,2025-09-02,CUST10495,Indore,Madhya Pradesh,Sports,Cricket Bat,3,11621.0,0.0,0.0,99,6770.96,Website,Credit Card,Returning Customer,Returned
ORD100342,2025-09-02,CUST10306,Ahmedabad,Gujarat,Home & Kitchen,Mixer,1,5381.0,0.0,0.0,0,5381.0,Website,Credit Card,Returning Customer,Delivered
ORD100512,2025-09-02,CUST10186,Ahmedabad,Gujarat,Electronics,Laptop,1,33245.0,0.15,4986.75,149,28407.25,Mobile App,Credit Card,Returning Customer,Delivered
ORD100572,2025-09-02,CUST10104,Bengaluru,Karnataka,Fashion,Jacket,2,3223.0,0.0,0.0,99,392.52,Website,UPI,New Customer,Returned
ORD101234,2025-09-02,CUST10421,Kolkata,West Bengal,Fashion,T-Shirt,1,6918.0,0.05,345.9,99,0.0,Mobile App,Debit Card,New Customer,Cancelled
ORD100719,2025-09-03,CUST10337,Pune,Maharashtra,Sports,Cricket Bat,1,8933.0,0.0,0.0,49,2188.39,Website,Debit Card,Returning Customer,Returned
ORD100764,2025-09-03,CUST10396,Lucknow,Uttar Pradesh,Electronics,Smartwatch,1,2098.0,0.05,104.9,49,447.68,Website,UPI,New Customer,Returned
ORD100847,2025-09-03,CUST10008,Kolkata,West Bengal,Electronics,Headphones,1,28305.0,0.2,5661.0,79,22723.0,Mobile App,UPI,New Customer,Delivered
ORD101056,2025-09-03,CUST10427,Delhi,Delhi,Electronics,Laptop,1,59639.0,0.0,0.0,79,12128.71,Marketplace,UPI,New Customer,Returned
ORD101066,2025-09-03,CUST10184,Kolkata,West Bengal,Sports,Football,2,7129.0,0.15,2138.7,79,2707.15,Website,UPI,New Customer,Returned
ORD101074,2025-09-03,CUST10204,Lucknow,Uttar Pradesh,Home & Kitchen,Cookware Set,1,1765.0,0.1,176.5,79,1667.5,Mobile App,UPI,VIP,Delivered
ORD101365,2025-09-03,CUST10494,Kolkata,West Bengal,Beauty,Shampoo,1,1265.0,0.05,63.25,0,1201.75,Website,Wallet,New Customer,Delivered
ORD101950,2025-09-03,CUST10300,Hyderabad,Telangana,Fashion,Jacket,2,3497.0,0.0,0.0,149,7143.0,Mobile App,Credit Card,VIP,Delivered
ORD101986,2025-09-03,CUST10013,Kolkata,West Bengal,Fashion,T-Shirt,2,8327.0,0.0,0.0,49,16703.0,Mobile App,Debit Card,VIP,Delivered
ORD100023,2025-09-04,CUST10036,Lucknow,Uttar Pradesh,Fashion,Backpack,1,2603.0,0.05,130.15,0,2472.85,Mobile App,Debit Card,Returning Customer,Delivered
ORD100272,2025-09-04,CUST10414,Jaipur,Rajasthan,Electronics,Tablet,1,46915.0,0.1,4691.5,49,6690.63,Website,UPI,VIP,Returned
ORD100314,2025-09-04,CUST10210,Bengaluru,Karnataka,Fashion,T-Shirt,1,7233.0,0.0,0.0,0,7233.0,Marketplace,Debit Card,VIP,Delivered
ORD100667,2025-09-04,CUST10533,Jaipur,Rajasthan,Home & Kitchen,Coffee Maker,1,12886.0,0.0,0.0,99,1922.96,Marketplace,Debit Card,New Customer,Returned
ORD100870,2025-09-04,CUST10511,Mumbai,Maharashtra,Home & Kitchen,Coffee Maker,2,6784.0,0.0,0.0,99,13667.0,Website,Wallet,New Customer,Delivered
ORD100927,2025-09-04,CUST10308,Lucknow,Uttar Pradesh,Electronics,Smartwatch,1,27163.0,0.0,0.0,149,27312.0,Website,Net Banking,New Customer,Delivered
ORD101319,2025-09-04,CUST10568,Hyderabad,Telangana,Electronics,Smartphone,3,16441.0,0.0,0.0,0,49323.0,Website,Net Banking,Returning Customer,Delivered
ORD101350,2025-09-04,CUST10476,Pune,Maharashtra,Fashion,Jeans,1,2580.0,0.15,387.0,49,2242.0,Mobile App,Cash on Delivery,VIP,Delivered
ORD101427,2025-09-04,CUST10583,Lucknow,Uttar Pradesh,Home & Kitchen,Vacuum Cleaner,2,16940.0,0.0,0.0,0,33880.0,Marketplace,Net Banking,Returning Customer,Delivered
ORD101599,2025-09-04,CUST10599,Kochi,Kerala,Electronics,Laptop,1,16580.0,0.0,0.0,79,16659.0,Mobile App,UPI,New Customer,Delivered
ORD101750,2025-09-04,CUST10072,Mumbai,Maharashtra,Fashion,Jeans,1,832.0,0.0,0.0,149,0.0,Mobile App,UPI,New Customer,Cancelled
ORD100436,2025-09-05,CUST10577,Lucknow,Uttar Pradesh,Electronics,Laptop,2,49594.0,0.1,9918.8,0,89269.2,Website,Net Banking,VIP,Delivered
ORD100983,2025-09-05,CUST10032,Ahmedabad,Gujarat,Sports,Yoga Mat,2,4176.0,0.0,0.0,79,1716.7,Marketplace,Credit Card,VIP,Returned
ORD101566,2025-09-05,CUST10144,Delhi,Delhi,Beauty,Moisturizer,1,4094.0,0.1,409.4,0,3684.6,Mobile App,Debit Card,New Customer,Delivered
ORD101645,2025-09-05,CUST10251,Jaipur,Rajasthan,Fashion,Sneakers,3,890.0,0.0,0.0,149,2819.0,Website,UPI,Returning Customer,Delivered
ORD100099,2025-09-06,CUST10082,Lucknow,Uttar Pradesh,Sports,Football,1,9997.0,0.0,0.0,0,2316.71,Marketplace,Cash on Delivery,Returning Customer,Returned
ORD100908,2025-09-06,CUST10437,Hyderabad,Telangana,Sports,Running Shoes,1,8810.0,0.0,0.0,79,8889.0,Website,Credit Card,New Customer,Delivered
ORD101096,2025-09-06,CUST10382,Hyderabad,Telangana,Fashion,T-Shirt,1,2922.0,0.2,584.4,0,324.31,Website,Cash on Delivery,VIP,Returned
ORD101133,2025-09-06,CUST10066,Delhi,Delhi,Electronics,Tablet,1,62410.0,0.15,9361.5,79,0.0,Website,Net Banking,New Customer,Cancelled
ORD101304,2025-09-06,CUST10120,Delhi,Delhi,Home & Kitchen,Mixer,1,3838.0,0.0,0.0,0,3838.0,Mobile App,Wallet,Returning Customer,Delivered
ORD101569,2025-09-06,CUST10439,Indore,Madhya Pradesh,Home & Kitchen,Vacuum Cleaner,1,15154.0,0.1,1515.4,0,2663.52,Marketplace,Credit Card,Returning Customer,Returned
ORD100609,2025-09-07,CUST10203,Bengaluru,Karnataka,Electronics,Headphones,2,58733.0,0.15,17619.9,0,7936.84,Website,UPI,New Customer,Returned
ORD100773,2025-09-07,CUST10125,Lucknow,Uttar Pradesh,Home & Kitchen,Vacuum Cleaner,1,1049.0,0.0,0.0,79,148.26,Marketplace,Net Banking,New Customer,Returned
ORD101203,2025-09-07,CUST10500,Kochi,Kerala,Home & Kitchen,Mixer,2,8017.0,0.05,801.7,149,15381.3,Mobile App,UPI,Returning Customer,Delivered
ORD101506,2025-09-07,CUST10216,Indore,Madhya Pradesh,Beauty,Face Wash,1,2078.0,0.05,103.9,99,139.99,Mobile App,Wallet,Returning Customer,Returned
ORD100442,2025-09-08,CUST10446,Jaipur,Rajasthan,Electronics,Laptop,1,38207.0,0.15,5731.05,0,32475.95,Mobile App,Credit Card,Returning Customer,Delivered
ORD101671,2025-09-08,CUST10530,Kolkata,West Bengal,Sports,Cricket Bat,1,5090.0,0.05,254.5,99,4934.5,Mobile App,Net Banking,New Customer,Delivered
ORD100459,2025-09-09,CUST10314,Mumbai,Maharashtra,Home & Kitchen,Mixer,1,9181.0,0.0,0.0,49,0.0,Website,Credit Card,Returning Customer,Cancelled
ORD101152,2025-09-09,CUST10560,Kochi,Kerala,Fashion,Jeans,1,3303.0,0.0,0.0,79,3382.0,Website,UPI,Returning Customer,Delivered
ORD101417,2025-09-09,CUST10266,Kochi,Kerala,Electronics,Tablet,1,61793.0,0.0,0.0,0,61793.0,Website,Debit Card,Returning Customer,Delivered
ORD101661,2025-09-09,CUST10203,Hyderabad,Telangana,Electronics,Laptop,1,28775.0,0.0,0.0,79,28854.0,Website,Net Banking,Returning Customer,Delivered
ORD100037,2025-09-10,CUST10194,Kochi,Kerala,Fashion,Jeans,2,4064.0,0.0,0.0,49,8177.0,Website,UPI,VIP,Delivered
ORD100053,2025-09-10,CUST10078,Mumbai,Maharashtra,Sports,Running Shoes,3,6671.0,0.2,4002.6,0,16010.4,Mobile App,Net Banking,New Customer,Delivered
ORD100146,2025-09-10,CUST10329,Delhi,Delhi,Electronics,Headphones,1,19820.0,0.0,0.0,0,0.0,Mobile App,UPI,New Customer,Cancelled
ORD100658,2025-09-10,CUST10515,Pune,Maharashtra,Electronics,Headphones,1,25904.0,0.0,0.0,149,26053.0,Marketplace,UPI,New Customer,Delivered
ORD100729,2025-09-10,CUST10572,Hyderabad,Telangana,Beauty,Hair Dryer,3,1285.0,0.05,192.75,99,3761.25,Mobile App,UPI,Returning Customer,Delivered
ORD101362,2025-09-10,CUST10006,Kolkata,West Bengal,Home & Kitchen,Cookware Set,1,5176.0,0.0,0.0,99,5275.0,Mobile App,Cash on Delivery,VIP,Delivered
ORD101547,2025-09-10,CUST10398,Jaipur,Rajasthan,Electronics,Smartphone,1,32558.0,0.15,4883.7,79,27753.3,Mobile App,Net Banking,New Customer,Delivered
ORD101907,2025-09-10,CUST10175,Lucknow,Uttar Pradesh,Beauty,Hair Dryer,1,4232.0,0.0,0.0,49,4281.0,Website,Wallet,New Customer,Delivered
ORD101918,2025-09-10,CUST10506,Pune,Maharashtra,Electronics,Laptop,1,29438.0,0.1,2943.8,79,0.0,Website,UPI,New Customer,Cancelled
ORD100659,2025-09-11,CUST10325,Kochi,Kerala,Sports,Running Shoes,1,9708.0,0.0,0.0,79,9787.0,Website,Net Banking,Returning Customer,Delivered
ORD100794,2025-09-11,CUST10516,Hyderabad,Telangana,Home & Kitchen,Coffee Maker,3,4620.0,0.1,1386.0,49,12523.0,Mobile App,UPI,Returning Customer,Delivered
ORD100881,2025-09-11,CUST10068,Chennai,Tamil Nadu,Beauty,Hair Dryer,2,2111.0,0.15,633.3,0,0.0,Website,UPI,Returning Customer,Cancelled
ORD101928,2025-09-11,CUST10097,Lucknow,Uttar Pradesh,Fashion,Backpack,1,6282.0,0.0,0.0,0,1515.03,Mobile App,Wallet,VIP,Returned
ORD100655,2025-09-12,CUST10018,Chennai,Tamil Nadu,Home & Kitchen,Vacuum Cleaner,1,4826.0,0.1,482.6,0,0.0,Marketplace,UPI,Returning Customer,Cancelled
ORD100872,2025-09-12,CUST10358,Hyderabad,Telangana,Home & Kitchen,Vacuum Cleaner,2,7898.0,0.15,2369.4,0,13426.6,Website,UPI,New Customer,Delivered
ORD101043,2025-09-12,CUST10524,Jaipur,Rajasthan,Beauty,Face Wash,1,4919.0,0.0,0.0,99,5018.0,Website,Debit Card,Returning Customer,Delivered
ORD101294,2025-09-12,CUST10541,Chennai,Tamil Nadu,Fashion,Jacket,1,7651.0,0.0,0.0,99,719.67,Mobile App,Cash on Delivery,New Customer,Returned
ORD101323,2025-09-12,CUST10197,Lucknow,Uttar Pradesh,Fashion,T-Shirt,1,8470.0,0.0,0.0,149,1446.37,Website,UPI,Returning Customer,Returned
ORD101534,2025-09-12,CUST10454,Chennai,Tamil Nadu,Home & Kitchen,Vacuum Cleaner,1,1444.0,0.05,72.2,79,0.0,Website,UPI,Returning Customer,Cancelled
ORD100646,2025-09-13,CUST10123,Pune,Maharashtra,Home & Kitchen,Coffee Maker,1,2598.0,0.0,0.0,79,2677.0,Website,Cash on Delivery,Returning Customer,Delivered
ORD101451,2025-09-13,CUST10043,Kolkata,West Bengal,Sports,Cricket Bat,2,8584.0,0.0,0.0,0,0.0,Mobile App,Credit Card,New Customer,Cancelled
ORD101536,2025-09-13,CUST10349,Bengaluru,Karnataka,Electronics,Smartphone,1,1623.0,0.15,243.45,49,1428.55,Website,UPI,New Customer,Delivered
ORD101541,2025-09-13,CUST10199,Chennai,Tamil Nadu,Sports,Football,1,6367.0,0.15,955.05,0,5411.95,Website,Net Banking,Returning Customer,Delivered
ORD100105,2025-09-14,CUST10524,Mumbai,Maharashtra,Beauty,Hair Dryer,1,4415.0,0.1,441.5,0,3973.5,Mobile App,Credit Card,Returning Customer,Delivered
ORD100563,2025-09-14,CUST10396,Kolkata,West Bengal,Home & Kitchen,Cookware Set,2,7291.0,0.1,1458.2,0,13123.8,Mobile App,UPI,New Customer,Delivered
ORD100702,2025-09-14,CUST10343,Kochi,Kerala,Electronics,Tablet,1,12186.0,0.0,0.0,49,12235.0,Mobile App,UPI,New Customer,Delivered
ORD101156,2025-09-14,CUST10382,Chennai,Tamil Nadu,Home & Kitchen,Cookware Set,1,13853.0,0.0,0.0,79,13932.0,Website,UPI,New Customer,Delivered
ORD101463,2025-09-14,CUST10375,Delhi,Delhi,Fashion,Jeans,1,4528.0,0.2,905.6,0,3622.4,Mobile App,UPI,Returning Customer,Delivered
ORD101857,2025-09-14,CUST10534,Kolkata,West Bengal,Electronics,Smartwatch,1,52237.0,0.0,0.0,49,52286.0,Website,UPI,VIP,Delivered
ORD101980,2025-09-14,CUST10107,Chennai,Tamil Nadu,Electronics,Smartphone,1,59464.0,0.1,5946.4,49,13125.35,Marketplace,Credit Card,Returning Customer,Returned
ORD100159,2025-09-15,CUST10407,Delhi,Delhi,Electronics,Smartwatch,1,47381.0,0.15,7107.15,0,40273.85,Marketplace,Net Banking,Returning Customer,Delivered
ORD100796,2025-09-15,CUST10544,Mumbai,Maharashtra,Home & Kitchen,Coffee Maker,1,9733.0,0.05,486.65,149,9395.35,Website,Wallet,Returning Customer,Delivered
ORD100809,2025-09-15,CUST10286,Ahmedabad,Gujarat,Home & Kitchen,Air Fryer,1,12529.0,0.0,0.0,79,12608.0,Website,UPI,New Customer,Delivered
ORD100941,2025-09-15,CUST10030,Hyderabad,Telangana,Home & Kitchen,Vacuum Cleaner,1,12061.0,0.0,0.0,99,2898.88,Mobile App,UPI,Returning Customer,Returned
ORD100997,2025-09-15,CUST10260,Lucknow,Uttar Pradesh,Sports,Cricket Bat,1,5043.0,0.0,0.0,49,1266.05,Mobile App,Credit Card,New Customer,Returned
ORD101448,2025-09-15,CUST10476,Bengaluru,Karnataka,Home & Kitchen,Cookware Set,2,16005.0,0.0,0.0,0,0.0,Mobile App,Wallet,New Customer,Cancelled
ORD101685,2025-09-15,CUST10567,Pune,Maharashtra,Fashion,Jacket,1,3381.0,0.1,338.1,49,3091.9,Marketplace,UPI,Returning Customer,Delivered
ORD100060,2025-09-16,CUST10013,Indore,Madhya Pradesh,Fashion,Jacket,1,3295.0,0.0,0.0,0,3295.0,Mobile App,UPI,New Customer,Delivered
ORD100168,2025-09-16,CUST10563,Delhi,Delhi,Fashion,Jeans,1,608.0,0.15,91.2,0,516.8,Marketplace,UPI,Returning Customer,Delivered
ORD101013,2025-09-16,CUST10015,Kochi,Kerala,Electronics,Tablet,1,50515.0,0.2,10103.0,0,0.0,Marketplace,UPI,VIP,Cancelled
ORD101325,2025-09-16,CUST10079,Jaipur,Rajasthan,Electronics,Smartwatch,1,14668.0,0.1,1466.8,99,13300.2,Mobile App,UPI,Returning Customer,Delivered
ORD101347,2025-09-16,CUST10515,Pune,Maharashtra,Electronics,Tablet,1,33634.0,0.15,5045.1,149,28737.9,Mobile App,Cash on Delivery,Returning Customer,Delivered
ORD101963,2025-09-16,CUST10320,Jaipur,Rajasthan,Sports,Dumbbells,1,1139.0,0.1,113.9,0,1025.1,Website,Wallet,Returning Customer,Delivered
ORD100147,2025-09-17,CUST10420,Bengaluru,Karnataka,Fashion,T-Shirt,3,7400.0,0.05,1110.0,0,21090.0,Mobile App,Credit Card,New Customer,Delivered
ORD100167,2025-09-17,CUST10075,Pune,Maharashtra,Fashion,T-Shirt,1,1933.0,0.1,193.3,149,1888.7,Mobile App,Wallet,New Customer,Delivered
ORD100634,2025-09-17,CUST10503,Jaipur,Rajasthan,Fashion,Jeans,1,8000.0,0.05,400.0,0,0.0,Marketplace,Net Banking,Returning Customer,Cancelled
ORD101512,2025-09-17,CUST10451,Bengaluru,Karnataka,Fashion,Jeans,2,6895.0,0.0,0.0,149,13939.0,Marketplace,UPI,New Customer,Delivered
ORD101763,2025-09-17,CUST10217,Kochi,Kerala,Electronics,Smartwatch,1,22069.0,0.0,0.0,49,22118.0,Mobile App,Debit Card,Returning Customer,Delivered
ORD101128,2025-09-18,CUST10429,Bengaluru,Karnataka,Electronics,Smartphone,3,56811.0,0.0,0.0,0,0.0,Website,Credit Card,New Customer,Cancelled
ORD101878,2025-09-18,CUST10203,Jaipur,Rajasthan,Fashion,Jeans,3,3445.0,0.0,0.0,49,10384.0,Website,Cash on Delivery,New Customer,Delivered
ORD100834,2025-09-19,CUST10397,Chennai,Tamil Nadu,Beauty,Face Wash,2,4235.0,0.0,0.0,49,0.0,Website,UPI,Returning Customer,Cancelled
ORD101284,2025-09-19,CUST10121,Mumbai,Maharashtra,Electronics,Tablet,1,62082.0,0.0,0.0,0,62082.0,Website,Cash on Delivery,New Customer,Delivered
ORD101526,2025-09-19,CUST10343,Indore,Madhya Pradesh,Electronics,Smartwatch,1,55886.0,0.15,8382.9,0,8455.54,Website,UPI,Returning Customer,Returned
ORD101540,2025-09-19,CUST10035,Jaipur,Rajasthan,Sports,Dumbbells,1,5969.0,0.15,895.35,49,0.0,Marketplace,Cash on Delivery,New Customer,Cancelled
ORD101652,2025-09-19,CUST10261,Hyderabad,Telangana,Electronics,Headphones,1,48655.0,0.0,0.0,79,48734.0,Mobile App,Cash on Delivery,Returning Customer,Delivered
ORD101747,2025-09-19,CUST10088,Bengaluru,Karnataka,Home & Kitchen,Vacuum Cleaner,1,1143.0,0.0,0.0,0,223.99,Mobile App,Cash on Delivery,VIP,Returned
ORD101871,2025-09-19,CUST10293,Ahmedabad,Gujarat,Electronics,Headphones,1,60265.0,0.0,0.0,0,60265.0,Website,Net Banking,New Customer,Delivered
ORD100852,2025-09-20,CUST10081,Indore,Madhya Pradesh,Fashion,Jeans,1,8815.0,0.05,440.75,49,1122.18,Website,Net Banking,New Customer,Returned
ORD101054,2025-09-20,CUST10095,Mumbai,Maharashtra,Electronics,Smartphone,1,39627.0,0.1,3962.7,79,0.0,Website,Debit Card,New Customer,Cancelled
ORD101251,2025-09-20,CUST10195,Bengaluru,Karnataka,Electronics,Smartphone,1,52022.0,0.1,5202.2,49,0.0,Mobile App,Credit Card,Returning Customer,Cancelled
ORD101628,2025-09-20,CUST10465,Delhi,Delhi,Home & Kitchen,Coffee Maker,2,741.0,0.05,74.1,0,0.0,Website,Cash on Delivery,Returning Customer,Cancelled
ORD101706,2025-09-20,CUST10540,Hyderabad,Telangana,Fashion,Jeans,1,2408.0,0.15,361.2,49,2095.8,Website,Cash on Delivery,New Customer,Delivered
ORD101798,2025-09-20,CUST10471,Lucknow,Uttar Pradesh,Fashion,Jacket,2,3180.0,0.0,0.0,79,6439.0,Website,Net Banking,New Customer,Delivered
ORD101952,2025-09-20,CUST10437,Indore,Madhya Pradesh,Beauty,Hair Dryer,1,4334.0,0.0,0.0,0,0.0,Website,UPI,Returning Customer,Cancelled
ORD101041,2025-09-21,CUST10320,Chennai,Tamil Nadu,Sports,Yoga Mat,3,2114.0,0.05,317.1,0,6024.9,Mobile App,UPI,VIP,Delivered
ORD101537,2025-09-21,CUST10167,Mumbai,Maharashtra,Home & Kitchen,Cookware Set,1,2598.0,0.0,0.0,0,2598.0,Mobile App,Credit Card,Returning Customer,Delivered
ORD100035,2025-09-22,CUST10069,Kochi,Kerala,Sports,Cricket Bat,1,11426.0,0.2,2285.2,49,0.0,Website,Credit Card,Returning Customer,Cancelled
ORD100765,2025-09-22,CUST10264,Kochi,Kerala,Sports,Yoga Mat,1,5068.0,0.05,253.4,149,4963.6,Marketplace,Debit Card,New Customer,Delivered
ORD100767,2025-09-22,CUST10290,Indore,Madhya Pradesh,Electronics,Smartwatch,2,17819.0,0.05,1781.9,0,33856.1,Mobile App,Net Banking,Returning Customer,Delivered
ORD101309,2025-09-22,CUST10481,Chennai,Tamil Nadu,Fashion,T-Shirt,1,6886.0,0.0,0.0,0,0.0,Website,UPI,New Customer,Cancelled
ORD100561,2025-09-23,CUST10056,Chennai,Tamil Nadu,Fashion,Backpack,1,6905.0,0.1,690.5,49,6263.5,Website,Credit Card,VIP,Delivered
ORD100985,2025-09-23,CUST10314,Jaipur,Rajasthan,Home & Kitchen,Coffee Maker,1,14742.0,0.0,0.0,49,14791.0,Mobile App,Net Banking,New Customer,Delivered
ORD101748,2025-09-23,CUST10357,Ahmedabad,Gujarat,Fashion,Backpack,2,7421.0,0.0,0.0,49,14891.0,Mobile App,UPI,Returning Customer,Delivered
ORD101190,2025-09-24,CUST10258,Mumbai,Maharashtra,Fashion,Jacket,1,8782.0,0.1,878.2,99,992.24,Website,UPI,Returning Customer,Returned
ORD101478,2025-09-24,CUST10569,Bengaluru,Karnataka,Home & Kitchen,Coffee Maker,1,3194.0,0.1,319.4,149,3023.6,Marketplace,Wallet,Returning Customer,Delivered
ORD101912,2025-09-24,CUST10076,Chennai,Tamil Nadu,Home & Kitchen,Mixer,1,10650.0,0.05,532.5,49,10166.5,Website,UPI,Returning Customer,Delivered
ORD100464,2025-09-25,CUST10547,Hyderabad,Telangana,Electronics,Smartphone,1,30147.0,0.0,0.0,49,0.0,Mobile App,Credit Card,Returning Customer,Cancelled
ORD100780,2025-09-25,CUST10003,Mumbai,Maharashtra,Electronics,Headphones,1,29530.0,0.0,0.0,0,29530.0,Mobile App,UPI,New Customer,Delivered
ORD101721,2025-09-25,CUST10012,Lucknow,Uttar Pradesh,Sports,Dumbbells,2,6664.0,0.05,666.4,0,12661.6,Marketplace,UPI,Returning Customer,Delivered
ORD101834,2025-09-25,CUST10269,Lucknow,Uttar Pradesh,Beauty,Perfume,1,5917.0,0.1,591.7,49,0.0,Mobile App,Wallet,Returning Customer,Cancelled
ORD100095,2025-09-26,CUST10267,Pune,Maharashtra,Sports,Cricket Bat,1,6675.0,0.05,333.75,49,6390.25,Marketplace,UPI,New Customer,Delivered
ORD100283,2025-09-26,CUST10386,Lucknow,Uttar Pradesh,Beauty,Perfume,1,2471.0,0.05,123.55,0,0.0,Mobile App,Cash on Delivery,Returning Customer,Cancelled
ORD100851,2025-09-26,CUST10310,Pune,Maharashtra,Electronics,Tablet,1,58561.0,0.15,8784.15,149,49925.85,Website,Credit Card,New Customer,Delivered
ORD101359,2025-09-26,CUST10526,Jaipur,Rajasthan,Electronics,Headphones,1,13927.0,0.0,0.0,49,13976.0,Marketplace,Credit Card,New Customer,Delivered
ORD100651,2025-09-27,CUST10223,Ahmedabad,Gujarat,Electronics,Headphones,1,51869.0,0.0,0.0,0,8168.11,Website,Credit Card,Returning Customer,Returned
ORD100968,2025-09-27,CUST10544,Kochi,Kerala,Fashion,Jacket,1,5224.0,0.0,0.0,49,5273.0,Website,Debit Card,New Customer,Delivered
ORD101317,2025-09-27,CUST10023,Hyderabad,Telangana,Sports,Football,2,3415.0,0.05,341.5,0,6488.5,Marketplace,UPI,Returning Customer,Delivered
ORD101364,2025-09-27,CUST10001,Chennai,Tamil Nadu,Home & Kitchen,Coffee Maker,2,11489.0,0.2,4595.6,49,0.0,Website,Debit Card,Returning Customer,Cancelled
ORD100025,2025-09-28,CUST10005,Pune,Maharashtra,Electronics,Laptop,1,8870.0,0.05,443.5,79,8505.5,Mobile App,Cash on Delivery,New Customer,Delivered
ORD100943,2025-09-28,CUST10051,Ahmedabad,Gujarat,Sports,Dumbbells,2,637.0,0.0,0.0,49,82.47,Mobile App,UPI,Returning Customer,Returned
ORD101195,2025-09-28,CUST10145,Mumbai,Maharashtra,Beauty,Face Wash,1,5199.0,0.0,0.0,0,0.0,Marketplace,Credit Card,VIP,Cancelled
ORD101272,2025-09-28,CUST10231,Kolkata,West Bengal,Home & Kitchen,Coffee Maker,2,17224.0,0.15,5167.2,99,4206.43,Website,UPI,Returning Customer,Returned
ORD101606,2025-09-28,CUST10290,Kochi,Kerala,Electronics,Headphones,2,29503.0,0.0,0.0,0,59006.0,Website,Debit Card,New Customer,Delivered
ORD101695,2025-09-28,CUST10538,Bengaluru,Karnataka,Electronics,Smartwatch,1,50631.0,0.2,10126.2,49,40553.8,Marketplace,Debit Card,Returning Customer,Delivered
ORD100140,2025-09-29,CUST10578,Hyderabad,Telangana,Beauty,Face Wash,1,1166.0,0.0,0.0,0,1166.0,Website,Credit Card,New Customer,Delivered
ORD100254,2025-09-29,CUST10113,Delhi,Delhi,Beauty,Moisturizer,3,3861.0,0.0,0.0,0,11583.0,Website,Credit Card,New Customer,Delivered
ORD100825,2025-09-29,CUST10399,Jaipur,Rajasthan,Electronics,Smartphone,1,61094.0,0.0,0.0,79,61173.0,Marketplace,UPI,Returning Customer,Delivered
ORD100893,2025-09-29,CUST10312,Pune,Maharashtra,Fashion,T-Shirt,1,3353.0,0.0,0.0,0,3353.0,Marketplace,Wallet,VIP,Delivered
ORD101247,2025-09-29,CUST10496,Ahmedabad,Gujarat,Electronics,Smartphone,1,47675.0,0.2,9535.0,99,38239.0,Mobile App,UPI,New Customer,Delivered
ORD101472,2025-09-29,CUST10510,Delhi,Delhi,Sports,Cricket Bat,1,10281.0,0.2,2056.2,149,8373.8,Website,Credit Card,Returning Customer,Delivered
ORD101698,2025-09-29,CUST10252,Chennai,Tamil Nadu,Home & Kitchen,Cookware Set,1,4583.0,0.05,229.15,0,4353.85,Mobile App,Debit Card,New Customer,Delivered
ORD100107,2025-09-30,CUST10501,Ahmedabad,Gujarat,Fashion,T-Shirt,1,2529.0,0.05,126.45,0,2402.55,Website,Cash on Delivery,New Customer,Delivered
ORD100208,2025-09-30,CUST10165,Bengaluru,Karnataka,Fashion,Sneakers,1,2984.0,0.0,0.0,99,3083.0,Mobile App,UPI,Returning Customer,Delivered
ORD100223,2025-09-30,CUST10293,Indore,Madhya Pradesh,Sports,Dumbbells,1,11356.0,0.0,0.0,49,11405.0,Website,Credit Card,VIP,Delivered
ORD100307,2025-09-30,CUST10474,Jaipur,Rajasthan,Beauty,Perfume,1,1613.0,0.2,322.6,149,1439.4,Mobile App,Debit Card,New Customer,Delivered
ORD100898,2025-09-30,CUST10463,Ahmedabad,Gujarat,Fashion,Jacket,2,4917.0,0.0,0.0,49,1714.29,Website,Credit Card,New Customer,Returned
ORD101021,2025-09-30,CUST10161,Jaipur,Rajasthan,Beauty,Shampoo,1,1463.0,0.0,0.0,0,1463.0,Mobile App,Debit Card,Returning Customer,Delivered
ORD101277,2025-09-30,CUST10557,Jaipur,Rajasthan,Beauty,Face Wash,1,1731.0,0.0,0.0,49,248.97,Website,UPI,New Customer,Returned
ORD101664,2025-09-30,CUST10194,Chennai,Tamil Nadu,Electronics,Tablet,1,34235.0,0.05,1711.75,0,32523.25,Marketplace,Cash on Delivery,New Customer,Delivered
ORD101681,2025-09-30,CUST10205,Lucknow,Uttar Pradesh,Fashion,Backpack,2,5522.0,0.05,552.2,99,10590.8,Mobile App,UPI,New Customer,Delivered
ORD100366,2025-10-01,CUST10364,Kochi,Kerala,Fashion,Backpack,1,8161.0,0.0,0.0,0,8161.0,Website,Cash on Delivery,Returning Customer,Delivered
ORD101229,2025-10-01,CUST10224,Indore,Madhya Pradesh,Home & Kitchen,Mixer,1,1243.0,0.0,0.0,49,291.78,Mobile App,Cash on Delivery,New Customer,Returned
ORD101527,2025-10-01,CUST10328,Hyderabad,Telangana,Sports,Dumbbells,1,9562.0,0.1,956.2,0,0.0,Mobile App,Cash on Delivery,VIP,Cancelled
ORD101873,2025-10-01,CUST10269,Delhi,Delhi,Beauty,Face Wash,2,4327.0,0.1,865.4,0,7788.6,Website,Wallet,New Customer,Delivered
ORD101995,2025-10-01,CUST10383,Lucknow,Uttar Pradesh,Fashion,Backpack,1,4682.0,0.0,0.0,79,4761.0,Mobile App,Net Banking,Returning Customer,Delivered
ORD100218,2025-10-02,CUST10484,Hyderabad,Telangana,Electronics,Headphones,1,8604.0,0.15,1290.6,49,1036.55,Mobile App,UPI,Returning Customer,Returned
ORD100823,2025-10-02,CUST10550,Hyderabad,Telangana,Beauty,Perfume,1,4197.0,0.0,0.0,0,854.68,Website,Cash on Delivery,Returning Customer,Returned
ORD101073,2025-10-02,CUST10043,Kochi,Kerala,Electronics,Laptop,1,17347.0,0.1,1734.7,79,15691.3,Website,Cash on Delivery,Returning Customer,Delivered
ORD101279,2025-10-02,CUST10146,Kochi,Kerala,Fashion,T-Shirt,1,2784.0,0.0,0.0,0,0.0,Website,Debit Card,VIP,Cancelled
ORD101686,2025-10-02,CUST10034,Delhi,Delhi,Electronics,Laptop,1,5185.0,0.0,0.0,99,5284.0,Website,Wallet,Returning Customer,Delivered
ORD100452,2025-10-03,CUST10529,Indore,Madhya Pradesh,Electronics,Laptop,2,2246.0,0.05,224.6,79,4346.4,Website,Cash on Delivery,VIP,Delivered
ORD100584,2025-10-03,CUST10047,Indore,Madhya Pradesh,Home & Kitchen,Coffee Maker,1,5608.0,0.0,0.0,49,5657.0,Marketplace,Cash on Delivery,New Customer,Delivered
ORD100797,2025-10-03,CUST10566,Lucknow,Uttar Pradesh,Home & Kitchen,Vacuum Cleaner,2,14901.0,0.0,0.0,79,29881.0,Website,UPI,Returning Customer,Delivered
ORD101179,2025-10-03,CUST10399,Jaipur,Rajasthan,Fashion,Sneakers,2,701.0,0.1,140.2,79,1340.8,Marketplace,Net Banking,Returning Customer,Delivered
ORD101308,2025-10-03,CUST10046,Chennai,Tamil Nadu,Sports,Dumbbells,1,3530.0,0.15,529.5,0,745.2,Mobile App,Debit Card,Returning Customer,Returned
ORD101464,2025-10-03,CUST10386,Mumbai,Maharashtra,Home & Kitchen,Mixer,2,3823.0,0.1,764.6,0,6881.4,Marketplace,Net Banking,New Customer,Delivered
ORD101525,2025-10-03,CUST10315,Delhi,Delhi,Electronics,Smartwatch,1,33223.0,0.1,3322.3,0,29900.7,Website,UPI,Returning Customer,Delivered
ORD101603,2025-10-03,CUST10228,Bengaluru,Karnataka,Fashion,Backpack,1,2663.0,0.1,266.3,149,2545.7,Website,Credit Card,New Customer,Delivered
ORD101735,2025-10-03,CUST10485,Mumbai,Maharashtra,Fashion,Jeans,1,7273.0,0.0,0.0,79,7352.0,Website,UPI,Returning Customer,Delivered
ORD100001,2025-10-04,CUST10059,Kochi,Kerala,Fashion,Jeans,1,5660.0,0.0,0.0,0,5660.0,Website,UPI,VIP,Delivered
ORD100578,2025-10-04,CUST10554,Bengaluru,Karnataka,Fashion,Sneakers,1,6585.0,0.1,658.5,49,530.17,Website,Credit Card,New Customer,Returned
ORD101508,2025-10-04,CUST10149,Pune,Maharashtra,Sports,Running Shoes,1,1870.0,0.2,374.0,0,1496.0,Website,UPI,New Customer,Delivered
ORD100495,2025-10-05,CUST10329,Kochi,Kerala,Electronics,Smartwatch,1,29614.0,0.0,0.0,0,4477.9,Website,Net Banking,Returning Customer,Returned
ORD100717,2025-10-05,CUST10521,Lucknow,Uttar Pradesh,Sports,Football,1,8017.0,0.2,1603.4,0,0.0,Website,UPI,New Customer,Cancelled
ORD101660,2025-10-05,CUST10292,Hyderabad,Telangana,Home & Kitchen,Vacuum Cleaner,1,7294.0,0.0,0.0,149,7443.0,Website,Cash on Delivery,VIP,Delivered
ORD101785,2025-10-05,CUST10199,Chennai,Tamil Nadu,Home & Kitchen,Coffee Maker,1,16631.0,0.0,0.0,0,16631.0,Website,Debit Card,New Customer,Delivered
ORD100332,2025-10-06,CUST10237,Chennai,Tamil Nadu,Electronics,Smartphone,1,57742.0,0.0,0.0,49,11862.07,Mobile App,Credit Card,Returning Customer,Returned
ORD100372,2025-10-06,CUST10555,Chennai,Tamil Nadu,Fashion,Jacket,3,6285.0,0.2,3771.0,0,0.0,Mobile App,UPI,New Customer,Cancelled
ORD100409,2025-10-06,CUST10548,Jaipur,Rajasthan,Beauty,Hair Dryer,3,1457.0,0.0,0.0,149,4520.0,Website,Credit Card,VIP,Delivered
ORD100433,2025-10-06,CUST10530,Mumbai,Maharashtra,Fashion,Backpack,1,1860.0,0.0,0.0,49,1909.0,Marketplace,Debit Card,Returning Customer,Delivered
ORD100652,2025-10-06,CUST10124,Hyderabad,Telangana,Electronics,Laptop,1,60004.0,0.0,0.0,149,60153.0,Marketplace,UPI,Returning Customer,Delivered
ORD101160,2025-10-06,CUST10166,Delhi,Delhi,Electronics,Headphones,1,42934.0,0.1,4293.4,0,38640.6,Marketplace,Debit Card,Returning Customer,Delivered
ORD101817,2025-10-06,CUST10275,Kolkata,West Bengal,Electronics,Smartphone,1,31205.0,0.15,4680.75,0,4784.95,Website,Credit Card,Returning Customer,Returned
ORD100757,2025-10-07,CUST10502,Ahmedabad,Gujarat,Electronics,Tablet,1,50434.0,0.15,7565.1,0,9443.89,Website,Credit Card,Returning Customer,Returned
ORD100844,2025-10-07,CUST10416,Bengaluru,Karnataka,Sports,Cricket Bat,1,4088.0,0.15,613.2,99,3573.8,Mobile App,Debit Card,New Customer,Delivered
ORD101399,2025-10-07,CUST10080,Ahmedabad,Gujarat,Electronics,Laptop,1,34515.0,0.0,0.0,0,4165.52,Website,Credit Card,New Customer,Returned
ORD101580,2025-10-07,CUST10294,Lucknow,Uttar Pradesh,Electronics,Smartphone,1,61931.0,0.05,3096.55,0,58834.45,Mobile App,Net Banking,New Customer,Delivered
ORD101615,2025-10-07,CUST10253,Bengaluru,Karnataka,Beauty,Perfume,1,4805.0,0.1,480.5,149,457.1,Mobile App,Credit Card,Returning Customer,Returned
ORD101799,2025-10-07,CUST10594,Mumbai,Maharashtra,Electronics,Laptop,1,22818.0,0.0,0.0,49,22867.0,Mobile App,Net Banking,Returning Customer,Delivered
ORD101866,2025-10-07,CUST10508,Bengaluru,Karnataka,Sports,Running Shoes,1,8817.0,0.05,440.85,49,8425.15,Website,Credit Card,New Customer,Delivered
ORD100637,2025-10-08,CUST10326,Chennai,Tamil Nadu,Beauty,Hair Dryer,1,602.0,0.05,30.1,149,720.9,Mobile App,UPI,VIP,Delivered
ORD101437,2025-10-08,CUST10481,Indore,Madhya Pradesh,Beauty,Perfume,3,4549.0,0.15,2047.05,49,11648.95,Marketplace,Cash on Delivery,Returning Customer,Delivered
ORD101718,2025-10-08,CUST10003,Lucknow,Uttar Pradesh,Home & Kitchen,Vacuum Cleaner,1,3630.0,0.05,181.5,99,3547.5,Website,UPI,New Customer,Delivered
ORD100087,2025-10-09,CUST10498,Ahmedabad,Gujarat,Fashion,Jeans,1,8273.0,0.0,0.0,79,8352.0,Mobile App,Cash on Delivery,Returning Customer,Delivered
ORD101009,2025-10-09,CUST10103,Lucknow,Uttar Pradesh,Beauty,Shampoo,1,991.0,0.0,0.0,99,1090.0,Website,UPI,New Customer,Delivered
ORD101198,2025-10-09,CUST10462,Lucknow,Uttar Pradesh,Electronics,Smartphone,1,46250.0,0.0,0.0,79,46329.0,Website,Debit Card,New Customer,Delivered
ORD101477,2025-10-09,CUST10583,Pune,Maharashtra,Fashion,Sneakers,1,1003.0,0.0,0.0,0,0.0,Mobile App,Credit Card,New Customer,Cancelled
ORD101694,2025-10-09,CUST10281,Bengaluru,Karnataka,Beauty,Shampoo,1,4150.0,0.15,622.5,79,3606.5,Marketplace,Wallet,New Customer,Delivered
ORD100179,2025-10-10,CUST10260,Mumbai,Maharashtra,Fashion,Backpack,1,8858.0,0.0,0.0,0,0.0,Mobile App,Wallet,Returning Customer,Cancelled
ORD100262,2025-10-10,CUST10367,Lucknow,Uttar Pradesh,Sports,Running Shoes,1,1565.0,0.1,156.5,149,1557.5,Website,Credit Card,Returning Customer,Delivered
ORD100324,2025-10-10,CUST10570,Pune,Maharashtra,Home & Kitchen,Coffee Maker,2,5326.0,0.0,0.0,0,0.0,Mobile App,Credit Card,New Customer,Cancelled
ORD100597,2025-10-10,CUST10362,Kolkata,West Bengal,Beauty,Moisturizer,2,3250.0,0.0,0.0,0,421.76,Marketplace,UPI,VIP,Returned
ORD100621,2025-10-10,CUST10147,Mumbai,Maharashtra,Home & Kitchen,Air Fryer,1,1239.0,0.0,0.0,49,1288.0,Marketplace,Wallet,New Customer,Delivered
ORD100991,2025-10-10,CUST10181,Hyderabad,Telangana,Fashion,Backpack,1,1493.0,0.0,0.0,79,1572.0,Mobile App,Cash on Delivery,Returning Customer,Delivered
ORD101146,2025-10-10,CUST10130,Ahmedabad,Gujarat,Home & Kitchen,Air Fryer,1,11937.0,0.1,1193.7,49,10792.3,Marketplace,Debit Card,New Customer,Delivered
ORD101583,2025-10-10,CUST10568,Lucknow,Uttar Pradesh,Electronics,Headphones,1,60814.0,0.2,12162.8,49,48700.2,Mobile App,Wallet,New Customer,Delivered
ORD101630,2025-10-10,CUST10337,Kolkata,West Bengal,Fashion,Jeans,1,8976.0,0.0,0.0,0,0.0,Website,Cash on Delivery,Returning Customer,Cancelled
ORD101659,2025-10-10,CUST10342,Kochi,Kerala,Sports,Running Shoes,1,3435.0,0.05,171.75,79,3342.25,Website,Debit Card,VIP,Delivered
ORD100266,2025-10-11,CUST10445,Kochi,Kerala,Fashion,T-Shirt,2,7794.0,0.0,0.0,99,15687.0,Marketplace,Debit Card,Returning Customer,Delivered
ORD101176,2025-10-11,CUST10103,Kochi,Kerala,Electronics,Tablet,1,2246.0,0.1,224.6,0,2021.4,Marketplace,Credit Card,Returning Customer,Delivered
ORD101300,2025-10-11,CUST10596,Indore,Madhya Pradesh,Sports,Running Shoes,3,10836.0,0.0,0.0,79,4981.06,Marketplace,UPI,New Customer,Returned
ORD101302,2025-10-11,CUST10144,Bengaluru,Karnataka,Fashion,Jacket,1,3643.0,0.15,546.45,99,0.0,Marketplace,Credit Card,Returning Customer,Cancelled
ORD101406,2025-10-11,CUST10214,Lucknow,Uttar Pradesh,Fashion,Jacket,1,7131.0,0.1,713.1,79,6496.9,Website,UPI,New Customer,Delivered
ORD101596,2025-10-11,CUST10138,Pune,Maharashtra,Home & Kitchen,Vacuum Cleaner,2,3984.0,0.05,398.4,79,1148.12,Mobile App,UPI,Returning Customer,Returned
ORD101894,2025-10-11,CUST10364,Indore,Madhya Pradesh,Electronics,Laptop,1,51902.0,0.15,7785.3,79,8001.8,Mobile App,Credit Card,Returning Customer,Returned
ORD100890,2025-10-12,CUST10421,Bengaluru,Karnataka,Beauty,Shampoo,1,2710.0,0.0,0.0,0,2710.0,Marketplace,Cash on Delivery,New Customer,Delivered
ORD101079,2025-10-12,CUST10376,Mumbai,Maharashtra,Fashion,Sneakers,2,3349.0,0.0,0.0,0,6698.0,Mobile App,Cash on Delivery,New Customer,Delivered
ORD100188,2025-10-13,CUST10334,Bengaluru,Karnataka,Electronics,Tablet,1,37169.0,0.0,0.0,99,0.0,Mobile App,UPI,VIP,Cancelled
ORD101226,2025-10-13,CUST10499,Hyderabad,Telangana,Fashion,T-Shirt,1,3230.0,0.05,161.5,0,359.3,Mobile App,Debit Card,Returning Customer,Returned
ORD101631,2025-10-13,CUST10132,Hyderabad,Telangana,Beauty,Perfume,1,619.0,0.0,0.0,49,668.0,Website,Credit Card,VIP,Delivered
ORD100738,2025-10-14,CUST10188,Delhi,Delhi,Home & Kitchen,Coffee Maker,1,16996.0,0.15,2549.4,79,14525.6,Mobile App,UPI,Returning Customer,Delivered
ORD100910,2025-10-14,CUST10300,Hyderabad,Telangana,Home & Kitchen,Coffee Maker,1,4244.0,0.0,0.0,0,4244.0,Website,Wallet,Returning Customer,Delivered
ORD101178,2025-10-14,CUST10041,Indore,Madhya Pradesh,Fashion,T-Shirt,1,8749.0,0.1,874.9,149,8023.1,Mobile App,Credit Card,New Customer,Delivered
ORD101223,2025-10-14,CUST10367,Kolkata,West Bengal,Beauty,Shampoo,1,1872.0,0.1,187.2,149,1833.8,Marketplace,Net Banking,New Customer,Delivered
ORD101663,2025-10-14,CUST10289,Hyderabad,Telangana,Home & Kitchen,Vacuum Cleaner,2,12686.0,0.15,3805.8,79,21645.2,Marketplace,Credit Card,New Customer,Delivered
ORD100532,2025-10-15,CUST10199,Kolkata,West Bengal,Fashion,T-Shirt,2,4116.0,0.2,1646.4,49,6634.6,Mobile App,Wallet,Returning Customer,Delivered
ORD100467,2025-10-16,CUST10478,Bengaluru,Karnataka,Home & Kitchen,Mixer,1,9752.0,0.0,0.0,79,0.0,Mobile App,UPI,New Customer,Cancelled
ORD100939,2025-10-16,CUST10400,Lucknow,Uttar Pradesh,Fashion,Sneakers,1,4129.0,0.05,206.45,99,4021.55,Mobile App,Credit Card,Returning Customer,Delivered
ORD101597,2025-10-16,CUST10088,Bengaluru,Karnataka,Home & Kitchen,Cookware Set,1,14749.0,0.0,0.0,99,14848.0,Website,Debit Card,New Customer,Delivered
ORD101702,2025-10-16,CUST10128,Lucknow,Uttar Pradesh,Fashion,Jeans,3,8168.0,0.05,1225.2,49,23327.8,Mobile App,Net Banking,New Customer,Delivered
ORD101839,2025-10-16,CUST10471,Ahmedabad,Gujarat,Electronics,Headphones,1,27466.0,0.1,2746.6,99,3041.43,Mobile App,Debit Card,New Customer,Returned
ORD101849,2025-10-16,CUST10106,Kolkata,West Bengal,Fashion,T-Shirt,2,5643.0,0.15,1692.9,49,9642.1,Marketplace,Debit Card,Returning Customer,Delivered
ORD100245,2025-10-17,CUST10254,Mumbai,Maharashtra,Home & Kitchen,Vacuum Cleaner,2,9934.0,0.0,0.0,49,0.0,Mobile App,Credit Card,Returning Customer,Cancelled
ORD100264,2025-10-17,CUST10528,Indore,Madhya Pradesh,Home & Kitchen,Coffee Maker,1,8531.0,0.1,853.1,79,7756.9,Website,Wallet,Returning Customer,Delivered
ORD100735,2025-10-17,CUST10074,Ahmedabad,Gujarat,Electronics,Tablet,1,2274.0,0.1,227.4,0,2046.6,Website,Credit Card,New Customer,Delivered
ORD100906,2025-10-17,CUST10144,Kolkata,West Bengal,Sports,Cricket Bat,1,8911.0,0.05,445.55,149,8614.45,Marketplace,Net Banking,Returning Customer,Delivered
ORD101131,2025-10-17,CUST10531,Delhi,Delhi,Fashion,Backpack,1,3879.0,0.05,193.95,149,3834.05,Mobile App,Net Banking,New Customer,Delivered
ORD101227,2025-10-17,CUST10262,Jaipur,Rajasthan,Fashion,Jacket,1,7717.0,0.0,0.0,49,1245.03,Website,Credit Card,Returning Customer,Returned
ORD101322,2025-10-17,CUST10539,Mumbai,Maharashtra,Fashion,T-Shirt,1,1115.0,0.0,0.0,49,1164.0,Mobile App,UPI,Returning Customer,Delivered
ORD101475,2025-10-17,CUST10469,Bengaluru,Karnataka,Fashion,Jeans,1,7212.0,0.0,0.0,79,7291.0,Marketplace,Net Banking,Returning Customer,Delivered
ORD100398,2025-10-18,CUST10503,Pune,Maharashtra,Home & Kitchen,Coffee Maker,2,15432.0,0.1,3086.4,0,27777.6,Mobile App,Credit Card,New Customer,Delivered
ORD100406,2025-10-18,CUST10179,Delhi,Delhi,Electronics,Smartwatch,1,3448.0,0.15,517.2,0,2930.8,Mobile App,Net Banking,New Customer,Delivered
ORD101149,2025-10-18,CUST10268,Hyderabad,Telangana,Electronics,Smartphone,1,36537.0,0.15,5480.55,0,0.0,Mobile App,Net Banking,New Customer,Cancelled
ORD101268,2025-10-18,CUST10252,Pune,Maharashtra,Electronics,Headphones,1,9915.0,0.0,0.0,49,2232.59,Website,Cash on Delivery,Returning Customer,Returned
ORD101283,2025-10-18,CUST10483,Mumbai,Maharashtra,Electronics,Tablet,1,36287.0,0.0,0.0,149,36436.0,Website,Debit Card,Returning Customer,Delivered
ORD101428,2025-10-18,CUST10074,Kochi,Kerala,Electronics,Laptop,1,57901.0,0.15,8685.15,79,49294.85,Marketplace,Debit Card,Returning Customer,Delivered
ORD101567,2025-10-18,CUST10239,Kochi,Kerala,Electronics,Tablet,1,9979.0,0.0,0.0,49,1790.39,Mobile App,Credit Card,New Customer,Returned
ORD100129,2025-10-19,CUST10334,Chennai,Tamil Nadu,Fashion,Jacket,2,918.0,0.2,367.2,49,1517.8,Mobile App,UPI,New Customer,Delivered
ORD101132,2025-10-19,CUST10469,Kochi,Kerala,Beauty,Perfume,1,1783.0,0.0,0.0,79,161.67,Mobile App,Net Banking,Returning Customer,Returned
ORD101610,2025-10-19,CUST10373,Ahmedabad,Gujarat,Home & Kitchen,Vacuum Cleaner,3,13677.0,0.0,0.0,99,41130.0,Mobile App,UPI,New Customer,Delivered
ORD100120,2025-10-20,CUST10059,Chennai,Tamil Nadu,Electronics,Laptop,2,3230.0,0.0,0.0,49,0.0,Website,Credit Card,New Customer,Cancelled
ORD100134,2025-10-20,CUST10441,Pune,Maharashtra,Electronics,Smartphone,1,39736.0,0.05,1986.8,0,6659.08,Mobile App,Wallet,New Customer,Returned
ORD100648,2025-10-20,CUST10210,Lucknow,Uttar Pradesh,Fashion,Jeans,1,7020.0,0.05,351.0,99,6768.0,Mobile App,Debit Card,Returning Customer,Delivered
ORD100915,2025-10-20,CUST10527,Mumbai,Maharashtra,Electronics,Tablet,1,33280.0,0.2,6656.0,49,3457.94,Mobile App,Cash on Delivery,Returning Customer,Returned
ORD101067,2025-10-20,CUST10299,Hyderabad,Telangana,Home & Kitchen,Mixer,1,9077.0,0.0,0.0,0,9077.0,Mobile App,UPI,Returning Customer,Delivered
ORD101115,2025-10-20,CUST10275,Mumbai,Maharashtra,Fashion,Sneakers,1,5403.0,0.0,0.0,0,5403.0,Mobile App,Cash on Delivery,New Customer,Delivered
ORD101438,2025-10-20,CUST10304,Mumbai,Maharashtra,Home & Kitchen,Vacuum Cleaner,2,8510.0,0.05,851.0,0,0.0,Mobile App,Net Banking,Returning Customer,Cancelled
ORD101617,2025-10-20,CUST10291,Pune,Maharashtra,Beauty,Hair Dryer,3,1269.0,0.0,0.0,49,3856.0,Website,Credit Card,Returning Customer,Delivered
ORD100318,2025-10-21,CUST10070,Jaipur,Rajasthan,Beauty,Hair Dryer,1,5712.0,0.0,0.0,79,5791.0,Marketplace,Credit Card,Returning Customer,Delivered
ORD100425,2025-10-21,CUST10516,Kochi,Kerala,Home & Kitchen,Cookware Set,1,5031.0,0.0,0.0,79,5110.0,Website,Net Banking,Returning Customer,Delivered
ORD100429,2025-10-21,CUST10057,Delhi,Delhi,Electronics,Headphones,1,6191.0,0.2,1238.2,49,0.0,Website,Credit Card,Returning Customer,Cancelled
ORD101194,2025-10-21,CUST10211,Indore,Madhya Pradesh,Electronics,Smartphone,1,43138.0,0.0,0.0,0,43138.0,Marketplace,Credit Card,New Customer,Delivered
ORD101855,2025-10-21,CUST10225,Ahmedabad,Gujarat,Electronics,Smartphone,2,19747.0,0.0,0.0,49,4942.41,Marketplace,UPI,Returning Customer,Returned
ORD101930,2025-10-21,CUST10324,Hyderabad,Telangana,Fashion,Jacket,1,5532.0,0.0,0.0,79,5611.0,Website,Credit Card,Returning Customer,Delivered
ORD100217,2025-10-22,CUST10565,Delhi,Delhi,Home & Kitchen,Vacuum Cleaner,1,5619.0,0.0,0.0,0,642.25,Marketplace,Debit Card,New Customer,Returned
ORD100303,2025-10-22,CUST10229,Ahmedabad,Gujarat,Electronics,Laptop,1,49725.0,0.0,0.0,0,49725.0,Mobile App,Net Banking,Returning Customer,Delivered
ORD100402,2025-10-22,CUST10071,Indore,Madhya Pradesh,Home & Kitchen,Coffee Maker,2,15855.0,0.1,3171.0,79,5884.13,Mobile App,Wallet,Returning Customer,Returned
ORD100573,2025-10-22,CUST10546,Jaipur,Rajasthan,Fashion,Jeans,1,5550.0,0.0,0.0,49,5599.0,Marketplace,Cash on Delivery,Returning Customer,Delivered
ORD100858,2025-10-22,CUST10547,Delhi,Delhi,Beauty,Hair Dryer,1,1861.0,0.0,0.0,99,0.0,Marketplace,Cash on Delivery,Returning Customer,Cancelled
ORD101090,2025-10-22,CUST10368,Kochi,Kerala,Electronics,Smartphone,1,37636.0,0.15,5645.4,99,3695.72,Marketplace,Wallet,New Customer,Returned
ORD101237,2025-10-22,CUST10142,Bengaluru,Karnataka,Fashion,Jacket,1,761.0,0.1,76.1,0,684.9,Marketplace,UPI,New Customer,Delivered
ORD101746,2025-10-22,CUST10554,Lucknow,Uttar Pradesh,Home & Kitchen,Air Fryer,1,11076.0,0.0,0.0,49,0.0,Mobile App,Wallet,Returning Customer,Cancelled
ORD100448,2025-10-23,CUST10446,Bengaluru,Karnataka,Beauty,Face Wash,1,406.0,0.1,40.6,0,62.81,Mobile App,Credit Card,Returning Customer,Returned
ORD100462,2025-10-23,CUST10241,Chennai,Tamil Nadu,Home & Kitchen,Vacuum Cleaner,1,13566.0,0.0,0.0,79,13645.0,Website,Net Banking,New Customer,Delivered
ORD100807,2025-10-23,CUST10093,Kochi,Kerala,Electronics,Laptop,1,45963.0,0.0,0.0,0,8229.93,Mobile App,UPI,Returning Customer,Returned
ORD101235,2025-10-23,CUST10321,Pune,Maharashtra,Home & Kitchen,Mixer,1,1009.0,0.0,0.0,49,1058.0,Marketplace,UPI,Returning Customer,Delivered
ORD101689,2025-10-23,CUST10588,Pune,Maharashtra,Beauty,Face Wash,1,3217.0,0.15,482.55,0,2734.45,Mobile App,Credit Card,Returning Customer,Delivered
ORD101767,2025-10-23,CUST10183,Kochi,Kerala,Home & Kitchen,Vacuum Cleaner,2,5507.0,0.0,0.0,149,0.0,Website,Net Banking,VIP,Cancelled
ORD101807,2025-10-23,CUST10195,Mumbai,Maharashtra,Home & Kitchen,Cookware Set,1,15052.0,0.1,1505.2,0,13546.8,Mobile App,Debit Card,Returning Customer,Delivered
ORD100069,2025-10-24,CUST10001,Kolkata,West Bengal,Home & Kitchen,Coffee Maker,2,8390.0,0.0,0.0,149,1477.3,Marketplace,Credit Card,Returning Customer,Returned
ORD100178,2025-10-24,CUST10554,Kolkata,West Bengal,Electronics,Laptop,1,41504.0,0.1,4150.4,49,5857.46,Mobile App,Debit Card,New Customer,Returned
ORD100552,2025-10-24,CUST10326,Hyderabad,Telangana,Beauty,Hair Dryer,2,5576.0,0.0,0.0,0,11152.0,Mobile App,UPI,Returning Customer,Delivered
ORD101125,2025-10-24,CUST10041,Lucknow,Uttar Pradesh,Fashion,T-Shirt,1,8378.0,0.0,0.0,0,1245.47,Mobile App,Cash on Delivery,Returning Customer,Returned
ORD101765,2025-10-24,CUST10513,Lucknow,Uttar Pradesh,Home & Kitchen,Mixer,1,2023.0,0.1,202.3,0,1820.7,Website,Credit Card,New Customer,Delivered
ORD100695,2025-10-25,CUST10474,Hyderabad,Telangana,Fashion,Jacket,2,7317.0,0.0,0.0,0,14634.0,Mobile App,Credit Card,New Customer,Delivered
ORD100868,2025-10-25,CUST10305,Kochi,Kerala,Electronics,Smartwatch,2,46934.0,0.0,0.0,0,93868.0,Marketplace,Credit Card,Returning Customer,Delivered
ORD100911,2025-10-25,CUST10329,Indore,Madhya Pradesh,Sports,Cricket Bat,1,3171.0,0.15,475.65,99,0.0,Website,Cash on Delivery,New Customer,Cancelled
ORD101457,2025-10-25,CUST10357,Kochi,Kerala,Home & Kitchen,Cookware Set,1,1405.0,0.1,140.5,49,139.86,Mobile App,Net Banking,Returning Customer,Returned
ORD101701,2025-10-25,CUST10559,Mumbai,Maharashtra,Home & Kitchen,Cookware Set,1,12900.0,0.0,0.0,0,12900.0,Mobile App,Credit Card,Returning Customer,Delivered
ORD100503,2025-10-26,CUST10166,Chennai,Tamil Nadu,Electronics,Laptop,1,7364.0,0.1,736.4,0,6627.6,Marketplace,Credit Card,VIP,Delivered
ORD101192,2025-10-26,CUST10424,Jaipur,Rajasthan,Sports,Yoga Mat,1,5707.0,0.05,285.35,0,5421.65,Website,Credit Card,New Customer,Delivered
ORD101386,2025-10-26,CUST10563,Hyderabad,Telangana,Electronics,Smartwatch,3,44089.0,0.1,13226.7,0,119040.3,Website,Cash on Delivery,New Customer,Delivered
ORD101844,2025-10-26,CUST10471,Chennai,Tamil Nadu,Electronics,Smartwatch,1,12705.0,0.05,635.25,0,12069.75,Mobile App,Credit Card,Returning Customer,Delivered
ORD100137,2025-10-27,CUST10209,Mumbai,Maharashtra,Fashion,Jeans,1,3264.0,0.1,326.4,149,3086.6,Marketplace,Credit Card,New Customer,Delivered
ORD101604,2025-10-27,CUST10416,Hyderabad,Telangana,Fashion,Jeans,1,8555.0,0.1,855.5,149,7848.5,Marketplace,Debit Card,VIP,Delivered
ORD101781,2025-10-27,CUST10309,Chennai,Tamil Nadu,Electronics,Headphones,1,32703.0,0.0,0.0,79,32782.0,Mobile App,Cash on Delivery,Returning Customer,Delivered
ORD100261,2025-10-28,CUST10073,Kochi,Kerala,Home & Kitchen,Coffee Maker,1,4929.0,0.0,0.0,149,5078.0,Marketplace,UPI,Returning Customer,Delivered
ORD100641,2025-10-28,CUST10517,Jaipur,Rajasthan,Fashion,Sneakers,1,6684.0,0.05,334.2,0,1516.33,Mobile App,Cash on Delivery,New Customer,Returned
ORD100828,2025-10-28,CUST10001,Bengaluru,Karnataka,Electronics,Smartphone,1,3151.0,0.0,0.0,79,3230.0,Marketplace,Credit Card,New Customer,Delivered
ORD100865,2025-10-28,CUST10107,Pune,Maharashtra,Fashion,Sneakers,1,3385.0,0.0,0.0,0,3385.0,Website,UPI,VIP,Delivered
ORD101057,2025-10-28,CUST10181,Pune,Maharashtra,Fashion,Sneakers,1,3868.0,0.0,0.0,0,3868.0,Website,Wallet,Returning Customer,Delivered
ORD101141,2025-10-28,CUST10538,Indore,Madhya Pradesh,Home & Kitchen,Air Fryer,1,4116.0,0.05,205.8,0,3910.2,Marketplace,UPI,VIP,Delivered
ORD101558,2025-10-28,CUST10242,Hyderabad,Telangana,Beauty,Perfume,1,3173.0,0.05,158.65,49,0.0,Website,Debit Card,VIP,Cancelled
ORD101683,2025-10-28,CUST10079,Lucknow,Uttar Pradesh,Home & Kitchen,Vacuum Cleaner,1,5201.0,0.0,0.0,49,5250.0,Website,Credit Card,VIP,Delivered
ORD101959,2025-10-28,CUST10011,Hyderabad,Telangana,Sports,Football,1,2215.0,0.0,0.0,0,2215.0,Website,UPI,New Customer,Delivered
ORD100185,2025-10-29,CUST10207,Hyderabad,Telangana,Electronics,Smartphone,1,58802.0,0.0,0.0,99,58901.0,Website,Cash on Delivery,Returning Customer,Delivered
ORD101095,2025-10-29,CUST10257,Delhi,Delhi,Sports,Football,1,7278.0,0.05,363.9,149,7063.1,Website,Cash on Delivery,New Customer,Delivered
ORD101241,2025-10-29,CUST10160,Bengaluru,Karnataka,Fashion,Backpack,1,1329.0,0.05,66.45,49,1311.55,Marketplace,Debit Card,New Customer,Delivered
ORD101474,2025-10-29,CUST10141,Delhi,Delhi,Home & Kitchen,Mixer,2,11528.0,0.0,0.0,0,0.0,Website,UPI,New Customer,Cancelled
ORD101627,2025-10-29,CUST10250,Indore,Madhya Pradesh,Fashion,T-Shirt,1,8767.0,0.0,0.0,149,8916.0,Marketplace,Debit Card,New Customer,Delivered
ORD100118,2025-10-30,CUST10361,Ahmedabad,Gujarat,Beauty,Perfume,1,5331.0,0.0,0.0,0,0.0,Mobile App,UPI,Returning Customer,Cancelled
ORD100224,2025-10-30,CUST10013,Mumbai,Maharashtra,Fashion,T-Shirt,1,5856.0,0.1,585.6,0,5270.4,Website,Cash on Delivery,Returning Customer,Delivered
ORD100587,2025-10-30,CUST10268,Indore,Madhya Pradesh,Beauty,Hair Dryer,1,4578.0,0.0,0.0,49,4627.0,Marketplace,Debit Card,New Customer,Delivered
ORD101548,2025-10-30,CUST10385,Bengaluru,Karnataka,Electronics,Smartphone,2,14010.0,0.2,5604.0,99,22515.0,Mobile App,Debit Card,New Customer,Delivered
ORD101609,2025-10-30,CUST10316,Mumbai,Maharashtra,Home & Kitchen,Vacuum Cleaner,1,7634.0,0.1,763.4,49,6919.6,Mobile App,Credit Card,VIP,Delivered
ORD101757,2025-10-30,CUST10468,Bengaluru,Karnataka,Fashion,T-Shirt,1,3937.0,0.1,393.7,0,3543.3,Mobile App,Credit Card,VIP,Delivered
ORD101924,2025-10-30,CUST10016,Chennai,Tamil Nadu,Electronics,Laptop,1,46603.0,0.0,0.0,0,46603.0,Website,Net Banking,Returning Customer,Delivered
ORD100016,2025-10-31,CUST10099,Jaipur,Rajasthan,Fashion,Jeans,3,5201.0,0.15,2340.45,0,13262.55,Mobile App,Cash on Delivery,Returning Customer,Delivered
ORD100289,2025-10-31,CUST10356,Hyderabad,Telangana,Electronics,Headphones,1,1712.0,0.0,0.0,149,1861.0,Website,Cash on Delivery,Returning Customer,Delivered
ORD100421,2025-10-31,CUST10254,Kochi,Kerala,Fashion,Backpack,1,738.0,0.2,147.6,0,590.4,Website,Net Banking,Returning Customer,Delivered
ORD100529,2025-10-31,CUST10074,Chennai,Tamil Nadu,Beauty,Shampoo,1,311.0,0.0,0.0,49,360.0,Website,Debit Card,Returning Customer,Delivered
ORD100741,2025-10-31,CUST10235,Pune,Maharashtra,Home & Kitchen,Mixer,1,2487.0,0.15,373.05,0,2113.95,Marketplace,Cash on Delivery,New Customer,Delivered
ORD100806,2025-10-31,CUST10254,Ahmedabad,Gujarat,Fashion,T-Shirt,1,2006.0,0.0,0.0,0,2006.0,Website,UPI,New Customer,Delivered
ORD101103,2025-10-31,CUST10271,Hyderabad,Telangana,Electronics,Smartwatch,1,10601.0,0.1,1060.1,149,0.0,Mobile App,Debit Card,VIP,Cancelled
ORD101993,2025-10-31,CUST10431,Kochi,Kerala,Beauty,Face Wash,1,3580.0,0.15,537.0,99,3142.0,Mobile App,Net Banking,Returning Customer,Delivered
ORD100173,2025-11-01,CUST10161,Hyderabad,Telangana,Fashion,Jeans,1,8759.0,0.05,437.95,0,8321.05,Website,UPI,New Customer,Delivered
ORD100403,2025-11-01,CUST10431,Bengaluru,Karnataka,Electronics,Smartphone,2,6961.0,0.1,1392.2,0,12529.8,Website,UPI,Returning Customer,Delivered
ORD101130,2025-11-01,CUST10017,Indore,Madhya Pradesh,Sports,Football,1,2348.0,0.1,234.8,49,2162.2,Website,Debit Card,New Customer,Delivered
ORD100047,2025-11-02,CUST10401,Indore,Madhya Pradesh,Home & Kitchen,Air Fryer,2,10158.0,0.05,1015.8,99,19399.2,Website,UPI,Returning Customer,Delivered
ORD100361,2025-11-02,CUST10516,Chennai,Tamil Nadu,Electronics,Laptop,1,22439.0,0.0,0.0,49,22488.0,Mobile App,UPI,New Customer,Delivered
ORD101595,2025-11-02,CUST10563,Kochi,Kerala,Home & Kitchen,Coffee Maker,1,13817.0,0.1,1381.7,149,12584.3,Mobile App,Debit Card,New Customer,Delivered
ORD101759,2025-11-02,CUST10388,Kochi,Kerala,Fashion,Backpack,1,5524.0,0.0,0.0,0,5524.0,Website,Wallet,New Customer,Delivered
ORD100183,2025-11-03,CUST10289,Chennai,Tamil Nadu,Home & Kitchen,Cookware Set,1,13604.0,0.1,1360.4,79,2435.12,Website,Debit Card,New Customer,Returned
ORD100412,2025-11-03,CUST10284,Lucknow,Uttar Pradesh,Home & Kitchen,Air Fryer,1,11017.0,0.1,1101.7,49,9964.3,Website,Credit Card,Returning Customer,Delivered
ORD100588,2025-11-03,CUST10510,Jaipur,Rajasthan,Home & Kitchen,Air Fryer,1,17457.0,0.2,3491.4,99,14064.6,Mobile App,Cash on Delivery,Returning Customer,Delivered
ORD100986,2025-11-03,CUST10145,Jaipur,Rajasthan,Fashion,Jacket,1,645.0,0.15,96.75,79,627.25,Website,Credit Card,New Customer,Delivered
ORD101065,2025-11-03,CUST10131,Chennai,Tamil Nadu,Home & Kitchen,Cookware Set,1,16172.0,0.15,2425.8,99,13845.2,Website,UPI,New Customer,Delivered
ORD100026,2025-11-04,CUST10058,Ahmedabad,Gujarat,Home & Kitchen,Air Fryer,1,17467.0,0.1,1746.7,0,15720.3,Website,UPI,VIP,Delivered
ORD100418,2025-11-04,CUST10129,Kolkata,West Bengal,Beauty,Moisturizer,2,3708.0,0.0,0.0,49,0.0,Website,Credit Card,Returning Customer,Cancelled
ORD100601,2025-11-04,CUST10092,Hyderabad,Telangana,Electronics,Headphones,2,20700.0,0.0,0.0,0,0.0,Website,Net Banking,Returning Customer,Cancelled
ORD100620,2025-11-04,CUST10017,Indore,Madhya Pradesh,Beauty,Perfume,1,3318.0,0.2,663.6,49,324.3,Mobile App,UPI,Returning Customer,Returned
ORD100965,2025-11-04,CUST10324,Indore,Madhya Pradesh,Beauty,Face Wash,1,708.0,0.05,35.4,49,721.6,Website,Credit Card,New Customer,Delivered
ORD101197,2025-11-04,CUST10419,Ahmedabad,Gujarat,Electronics,Smartphone,1,63646.0,0.0,0.0,49,63695.0,Website,Wallet,Returning Customer,Delivered
ORD100427,2025-11-05,CUST10460,Kochi,Kerala,Fashion,Sneakers,1,7393.0,0.0,0.0,79,7472.0,Mobile App,Cash on Delivery,Returning Customer,Delivered
ORD100432,2025-11-05,CUST10161,Kochi,Kerala,Home & Kitchen,Coffee Maker,1,13915.0,0.2,2783.0,149,11281.0,Mobile App,Net Banking,New Customer,Delivered
ORD100706,2025-11-05,CUST10128,Kochi,Kerala,Sports,Yoga Mat,2,1067.0,0.15,320.1,49,1862.9,Website,UPI,Returning Customer,Delivered
ORD100716,2025-11-05,CUST10300,Hyderabad,Telangana,Fashion,Sneakers,1,4874.0,0.0,0.0,0,4874.0,Website,Credit Card,New Customer,Delivered
ORD100962,2025-11-05,CUST10215,Mumbai,Maharashtra,Beauty,Shampoo,1,4002.0,0.05,200.1,99,3900.9,Mobile App,Debit Card,New Customer,Delivered
ORD101040,2025-11-05,CUST10079,Hyderabad,Telangana,Home & Kitchen,Vacuum Cleaner,1,14853.0,0.15,2227.95,99,2377.39,Website,Credit Card,Returning Customer,Returned
ORD101250,2025-11-05,CUST10351,Delhi,Delhi,Sports,Yoga Mat,2,5419.0,0.1,1083.8,49,9803.2,Mobile App,UPI,New Customer,Delivered
ORD101885,2025-11-05,CUST10598,Jaipur,Rajasthan,Electronics,Tablet,1,63372.0,0.0,0.0,149,63521.0,Mobile App,UPI,VIP,Delivered
ORD101935,2025-11-05,CUST10442,Pune,Maharashtra,Beauty,Perfume,3,4891.0,0.0,0.0,79,14752.0,Marketplace,Cash on Delivery,New Customer,Delivered
ORD100004,2025-11-06,CUST10270,Bengaluru,Karnataka,Home & Kitchen,Cookware Set,1,15240.0,0.0,0.0,49,15289.0,Mobile App,Credit Card,Returning Customer,Delivered
ORD100018,2025-11-06,CUST10504,Delhi,Delhi,Electronics,Laptop,1,64644.0,0.0,0.0,0,7439.23,Mobile App,Cash on Delivery,Returning Customer,Returned
ORD100225,2025-11-06,CUST10263,Pune,Maharashtra,Electronics,Smartphone,2,14572.0,0.1,2914.4,79,26308.6,Website,Net Banking,VIP,Delivered
ORD100226,2025-11-06,CUST10049,Kolkata,West Bengal,Electronics,Smartwatch,1,57941.0,0.0,0.0,49,57990.0,Website,Credit Card,New Customer,Delivered
ORD100377,2025-11-06,CUST10439,Ahmedabad,Gujarat,Home & Kitchen,Coffee Maker,1,11574.0,0.1,1157.4,149,10565.6,Marketplace,Cash on Delivery,VIP,Delivered
ORD100885,2025-11-06,CUST10147,Mumbai,Maharashtra,Beauty,Moisturizer,1,1944.0,0.0,0.0,49,1993.0,Mobile App,UPI,New Customer,Delivered
ORD101111,2025-11-06,CUST10441,Pune,Maharashtra,Home & Kitchen,Mixer,1,3642.0,0.0,0.0,149,3791.0,Mobile App,Debit Card,Returning Customer,Delivered
ORD101726,2025-11-06,CUST10368,Bengaluru,Karnataka,Electronics,Smartwatch,1,22488.0,0.1,2248.8,99,0.0,Marketplace,UPI,New Customer,Cancelled
ORD100320,2025-11-07,CUST10514,Hyderabad,Telangana,Electronics,Tablet,1,6626.0,0.05,331.3,0,6294.7,Mobile App,UPI,Returning Customer,Delivered
ORD100850,2025-11-07,CUST10389,Hyderabad,Telangana,Sports,Cricket Bat,1,6537.0,0.0,0.0,49,1023.16,Website,UPI,Returning Customer,Returned
ORD100888,2025-11-07,CUST10577,Kolkata,West Bengal,Sports,Football,2,2422.0,0.1,484.4,99,4458.6,Website,Debit Card,Returning Customer,Delivered
ORD101123,2025-11-07,CUST10112,Lucknow,Uttar Pradesh,Electronics,Laptop,1,23183.0,0.0,0.0,49,3654.07,Mobile App,Debit Card,Returning Customer,Returned
ORD101696,2025-11-07,CUST10394,Indore,Madhya Pradesh,Electronics,Tablet,2,61857.0,0.15,18557.1,0,0.0,Mobile App,Cash on Delivery,Returning Customer,Cancelled
ORD101731,2025-11-07,CUST10490,Jaipur,Rajasthan,Fashion,T-Shirt,1,7416.0,0.0,0.0,0,1203.45,Mobile App,Wallet,New Customer,Returned
ORD100131,2025-11-08,CUST10385,Ahmedabad,Gujarat,Electronics,Tablet,2,12610.0,0.15,3783.0,49,4537.81,Website,Credit Card,New Customer,Returned
ORD100393,2025-11-08,CUST10001,Kolkata,West Bengal,Electronics,Smartphone,1,40886.0,0.05,2044.3,0,38841.7,Mobile App,Cash on Delivery,New Customer,Delivered
ORD100692,2025-11-08,CUST10010,Lucknow,Uttar Pradesh,Electronics,Tablet,3,34364.0,0.0,0.0,0,103092.0,Website,UPI,Returning Customer,Delivered
ORD101187,2025-11-08,CUST10391,Jaipur,Rajasthan,Home & Kitchen,Mixer,3,13984.0,0.2,8390.4,49,33610.6,Mobile App,Cash on Delivery,VIP,Delivered
ORD100202,2025-11-09,CUST10007,Indore,Madhya Pradesh,Home & Kitchen,Cookware Set,1,7377.0,0.05,368.85,49,7057.15,Website,Cash on Delivery,New Customer,Delivered
ORD100603,2025-11-09,CUST10351,Indore,Madhya Pradesh,Electronics,Laptop,1,63979.0,0.1,6397.9,79,57660.1,Website,Wallet,Returning Customer,Delivered
ORD100854,2025-11-09,CUST10579,Ahmedabad,Gujarat,Fashion,Backpack,1,4550.0,0.0,0.0,49,4599.0,Mobile App,Credit Card,Returning Customer,Delivered
ORD100988,2025-11-09,CUST10543,Lucknow,Uttar Pradesh,Fashion,Jacket,1,2857.0,0.15,428.55,99,0.0,Website,UPI,VIP,Cancelled
ORD101069,2025-11-09,CUST10089,Kochi,Kerala,Fashion,Jeans,1,926.0,0.2,185.2,99,839.8,Website,Credit Card,Returning Customer,Delivered
ORD100112,2025-11-10,CUST10012,Pune,Maharashtra,Fashion,Jacket,2,4536.0,0.0,0.0,0,601.71,Website,UPI,VIP,Returned
ORD100149,2025-11-10,CUST10213,Lucknow,Uttar Pradesh,Beauty,Hair Dryer,1,3809.0,0.0,0.0,99,0.0,Website,UPI,New Customer,Cancelled
ORD100891,2025-11-10,CUST10511,Jaipur,Rajasthan,Electronics,Smartphone,1,61983.0,0.15,9297.45,0,0.0,Mobile App,Credit Card,New Customer,Cancelled
ORD101861,2025-11-10,CUST10407,Mumbai,Maharashtra,Fashion,Backpack,1,691.0,0.15,103.65,0,587.35,Website,Cash on Delivery,VIP,Delivered
ORD100157,2025-11-11,CUST10172,Kolkata,West Bengal,Electronics,Smartphone,1,25690.0,0.0,0.0,0,25690.0,Website,Cash on Delivery,Returning Customer,Delivered
ORD100455,2025-11-11,CUST10530,Indore,Madhya Pradesh,Beauty,Shampoo,1,1297.0,0.05,64.85,99,1331.15,Mobile App,Cash on Delivery,New Customer,Delivered
ORD101495,2025-11-11,CUST10237,Jaipur,Rajasthan,Sports,Football,1,7538.0,0.0,0.0,0,7538.0,Marketplace,Credit Card,Returning Customer,Delivered
ORD101638,2025-11-11,CUST10421,Kolkata,West Bengal,Home & Kitchen,Vacuum Cleaner,1,5157.0,0.0,0.0,79,5236.0,Mobile App,Debit Card,VIP,Delivered
ORD101934,2025-11-11,CUST10181,Delhi,Delhi,Beauty,Moisturizer,2,511.0,0.0,0.0,99,0.0,Website,Credit Card,Returning Customer,Cancelled
ORD100068,2025-11-12,CUST10127,Kolkata,West Bengal,Electronics,Smartphone,1,7272.0,0.15,1090.8,99,0.0,Website,Debit Card,Returning Customer,Cancelled
ORD100145,2025-11-12,CUST10287,Delhi,Delhi,Home & Kitchen,Vacuum Cleaner,2,506.0,0.0,0.0,79,1091.0,Website,Net Banking,Returning Customer,Delivered
ORD100630,2025-11-12,CUST10142,Ahmedabad,Gujarat,Home & Kitchen,Coffee Maker,3,17313.0,0.0,0.0,149,6430.55,Marketplace,Debit Card,Returning Customer,Returned
ORD101614,2025-11-12,CUST10523,Delhi,Delhi,Electronics,Headphones,1,40151.0,0.0,0.0,0,40151.0,Mobile App,UPI,Returning Customer,Delivered
ORD101620,2025-11-12,CUST10492,Jaipur,Rajasthan,Electronics,Laptop,1,36943.0,0.1,3694.3,49,33297.7,Marketplace,Net Banking,Returning Customer,Delivered
ORD100020,2025-11-13,CUST10220,Kochi,Kerala,Home & Kitchen,Coffee Maker,1,10510.0,0.1,1051.0,0,9459.0,Mobile App,UPI,VIP,Delivered
ORD100357,2025-11-13,CUST10421,Ahmedabad,Gujarat,Fashion,Sneakers,3,6424.0,0.1,1927.2,0,17344.8,Website,UPI,New Customer,Delivered
ORD100957,2025-11-13,CUST10351,Bengaluru,Karnataka,Beauty,Hair Dryer,1,3142.0,0.0,0.0,0,3142.0,Mobile App,Wallet,Returning Customer,Delivered
ORD101401,2025-11-13,CUST10089,Mumbai,Maharashtra,Fashion,Jeans,1,4827.0,0.15,724.05,0,880.21,Marketplace,UPI,Returning Customer,Returned
ORD100339,2025-11-14,CUST10550,Indore,Madhya Pradesh,Home & Kitchen,Cookware Set,3,6534.0,0.0,0.0,0,19602.0,Website,Debit Card,Returning Customer,Delivered
ORD100912,2025-11-14,CUST10070,Lucknow,Uttar Pradesh,Electronics,Smartphone,1,1893.0,0.1,189.3,79,0.0,Mobile App,Wallet,Returning Customer,Cancelled
ORD101002,2025-11-14,CUST10161,Pune,Maharashtra,Fashion,Sneakers,1,8231.0,0.0,0.0,99,0.0,Mobile App,UPI,New Customer,Cancelled
ORD101288,2025-11-14,CUST10202,Jaipur,Rajasthan,Home & Kitchen,Cookware Set,1,17550.0,0.0,0.0,79,3341.17,Website,Net Banking,VIP,Returned
ORD101578,2025-11-14,CUST10561,Hyderabad,Telangana,Electronics,Headphones,1,55196.0,0.15,8279.4,79,46995.6,Mobile App,Cash on Delivery,Returning Customer,Delivered
ORD101646,2025-11-14,CUST10530,Kolkata,West Bengal,Electronics,Smartwatch,1,13112.0,0.2,2622.4,0,10489.6,Marketplace,Net Banking,Returning Customer,Delivered
ORD101908,2025-11-14,CUST10305,Ahmedabad,Gujarat,Fashion,Backpack,3,7979.0,0.0,0.0,0,23937.0,Website,UPI,Returning Customer,Delivered
ORD100265,2025-11-15,CUST10494,Bengaluru,Karnataka,Beauty,Moisturizer,1,1402.0,0.05,70.1,79,1410.9,Website,Wallet,Returning Customer,Delivered
ORD100511,2025-11-15,CUST10516,Jaipur,Rajasthan,Sports,Dumbbells,1,4181.0,0.1,418.1,99,3861.9,Mobile App,UPI,Returning Customer,Delivered
ORD100724,2025-11-15,CUST10260,Bengaluru,Karnataka,Beauty,Hair Dryer,3,4182.0,0.1,1254.6,0,0.0,Marketplace,Credit Card,New Customer,Cancelled
ORD100793,2025-11-15,CUST10071,Bengaluru,Karnataka,Home & Kitchen,Cookware Set,1,5761.0,0.05,288.05,49,5521.95,Marketplace,Wallet,New Customer,Delivered
ORD101366,2025-11-15,CUST10209,Lucknow,Uttar Pradesh,Home & Kitchen,Vacuum Cleaner,1,2660.0,0.05,133.0,149,0.0,Website,Credit Card,New Customer,Cancelled
ORD101640,2025-11-15,CUST10487,Delhi,Delhi,Fashion,T-Shirt,1,3332.0,0.0,0.0,0,3332.0,Marketplace,Net Banking,New Customer,Delivered
ORD100062,2025-11-16,CUST10291,Kolkata,West Bengal,Home & Kitchen,Mixer,1,15232.0,0.0,0.0,99,3218.09,Website,Cash on Delivery,Returning Customer,Returned
ORD100108,2025-11-16,CUST10102,Delhi,Delhi,Home & Kitchen,Coffee Maker,1,17557.0,0.1,1755.7,79,15880.3,Marketplace,Net Banking,Returning Customer,Delivered
ORD100221,2025-11-16,CUST10428,Kochi,Kerala,Home & Kitchen,Coffee Maker,1,2283.0,0.0,0.0,0,2283.0,Mobile App,Cash on Delivery,VIP,Delivered
ORD100275,2025-11-16,CUST10325,Hyderabad,Telangana,Sports,Running Shoes,2,5550.0,0.2,2220.0,49,0.0,Mobile App,Debit Card,Returning Customer,Cancelled
ORD100575,2025-11-16,CUST10542,Indore,Madhya Pradesh,Home & Kitchen,Coffee Maker,2,13441.0,0.0,0.0,0,26882.0,Website,Debit Card,Returning Customer,Delivered
ORD100832,2025-11-16,CUST10575,Pune,Maharashtra,Sports,Running Shoes,2,10378.0,0.2,4151.2,0,0.0,Website,Credit Card,Returning Customer,Cancelled
ORD101228,2025-11-16,CUST10464,Chennai,Tamil Nadu,Beauty,Shampoo,1,1107.0,0.2,221.4,99,984.6,Marketplace,Credit Card,Returning Customer,Delivered
ORD101273,2025-11-16,CUST10598,Delhi,Delhi,Electronics,Tablet,1,38187.0,0.0,0.0,79,38266.0,Marketplace,Credit Card,Returning Customer,Delivered
ORD101875,2025-11-16,CUST10600,Chennai,Tamil Nadu,Fashion,T-Shirt,2,4134.0,0.0,0.0,149,8417.0,Mobile App,Credit Card,Returning Customer,Delivered
ORD101889,2025-11-16,CUST10382,Delhi,Delhi,Electronics,Smartphone,1,32829.0,0.0,0.0,49,32878.0,Website,UPI,VIP,Delivered
ORD100200,2025-11-17,CUST10279,Indore,Madhya Pradesh,Home & Kitchen,Air Fryer,1,7489.0,0.15,1123.35,99,6464.65,Marketplace,UPI,New Customer,Delivered
ORD100570,2025-11-17,CUST10506,Lucknow,Uttar Pradesh,Sports,Football,2,5490.0,0.1,1098.0,149,0.0,Mobile App,UPI,New Customer,Cancelled
ORD100635,2025-11-17,CUST10528,Kochi,Kerala,Home & Kitchen,Cookware Set,2,1487.0,0.0,0.0,49,3023.0,Mobile App,Credit Card,Returning Customer,Delivered
ORD101341,2025-11-17,CUST10575,Bengaluru,Karnataka,Fashion,Backpack,1,725.0,0.0,0.0,49,0.0,Website,UPI,VIP,Cancelled
ORD101407,2025-11-17,CUST10360,Hyderabad,Telangana,Home & Kitchen,Air Fryer,1,1834.0,0.2,366.8,149,1616.2,Website,Net Banking,Returning Customer,Delivered
ORD101633,2025-11-17,CUST10467,Delhi,Delhi,Beauty,Perfume,1,5713.0,0.1,571.3,0,5141.7,Marketplace,Cash on Delivery,VIP,Delivered
ORD100422,2025-11-18,CUST10192,Kolkata,West Bengal,Sports,Dumbbells,2,5310.0,0.0,0.0,149,685.86,Website,UPI,Returning Customer,Returned
ORD101716,2025-11-18,CUST10036,Hyderabad,Telangana,Electronics,Headphones,2,9195.0,0.15,2758.5,149,15780.5,Website,Credit Card,Returning Customer,Delivered
ORD100501,2025-11-19,CUST10452,Mumbai,Maharashtra,Home & Kitchen,Mixer,1,5863.0,0.2,1172.6,149,4839.4,Mobile App,Debit Card,Returning Customer,Delivered
ORD100504,2025-11-19,CUST10405,Jaipur,Rajasthan,Fashion,T-Shirt,1,8132.0,0.05,406.6,0,7725.4,Marketplace,UPI,Returning Customer,Delivered
ORD100521,2025-11-19,CUST10171,Kochi,Kerala,Sports,Cricket Bat,1,1223.0,0.0,0.0,0,0.0,Marketplace,Debit Card,Returning Customer,Cancelled
ORD101400,2025-11-19,CUST10550,Ahmedabad,Gujarat,Sports,Football,2,6058.0,0.05,605.8,49,11559.2,Mobile App,UPI,New Customer,Delivered
ORD101483,2025-11-19,CUST10042,Kolkata,West Bengal,Fashion,T-Shirt,1,3573.0,0.1,357.3,49,317.85,Mobile App,Cash on Delivery,New Customer,Returned
ORD101712,2025-11-19,CUST10262,Kochi,Kerala,Fashion,Jacket,1,431.0,0.1,43.1,79,466.9,Mobile App,Credit Card,New Customer,Delivered
ORD101880,2025-11-19,CUST10183,Kochi,Kerala,Electronics,Smartphone,1,37711.0,0.05,1885.55,79,35904.45,Website,Cash on Delivery,Returning Customer,Delivered
ORD100125,2025-11-20,CUST10594,Indore,Madhya Pradesh,Fashion,T-Shirt,1,6981.0,0.2,1396.2,49,5633.8,Marketplace,UPI,Returning Customer,Delivered
ORD100244,2025-11-20,CUST10040,Chennai,Tamil Nadu,Sports,Dumbbells,1,10614.0,0.0,0.0,0,10614.0,Website,Net Banking,Returning Customer,Delivered
ORD100249,2025-11-20,CUST10191,Jaipur,Rajasthan,Electronics,Smartphone,2,41348.0,0.0,0.0,49,82745.0,Mobile App,Credit Card,VIP,Delivered
ORD100439,2025-11-20,CUST10586,Lucknow,Uttar Pradesh,Fashion,Sneakers,1,2250.0,0.05,112.5,149,2286.5,Website,UPI,New Customer,Delivered
ORD100814,2025-11-20,CUST10557,Indore,Madhya Pradesh,Fashion,T-Shirt,1,1761.0,0.1,176.1,0,1584.9,Website,UPI,VIP,Delivered
ORD101310,2025-11-20,CUST10263,Jaipur,Rajasthan,Beauty,Hair Dryer,1,4840.0,0.0,0.0,0,4840.0,Website,UPI,New Customer,Delivered
ORD101405,2025-11-20,CUST10107,Kolkata,West Bengal,Sports,Yoga Mat,1,1465.0,0.15,219.75,0,0.0,Mobile App,Debit Card,Returning Customer,Cancelled
ORD101738,2025-11-20,CUST10403,Kolkata,West Bengal,Sports,Running Shoes,2,11415.0,0.2,4566.0,99,0.0,Marketplace,Debit Card,New Customer,Cancelled
ORD100740,2025-11-21,CUST10284,Bengaluru,Karnataka,Electronics,Smartphone,1,7196.0,0.05,359.8,0,1404.56,Marketplace,Cash on Delivery,New Customer,Returned
ORD100800,2025-11-21,CUST10230,Bengaluru,Karnataka,Sports,Cricket Bat,1,4642.0,0.0,0.0,79,395.34,Mobile App,Debit Card,New Customer,Returned
ORD101211,2025-11-21,CUST10491,Mumbai,Maharashtra,Electronics,Smartphone,1,29231.0,0.0,0.0,0,29231.0,Mobile App,Credit Card,VIP,Delivered
ORD100059,2025-11-22,CUST10559,Hyderabad,Telangana,Electronics,Smartwatch,3,46414.0,0.0,0.0,79,139321.0,Mobile App,Net Banking,New Customer,Delivered
ORD100524,2025-11-22,CUST10047,Jaipur,Rajasthan,Sports,Dumbbells,1,2060.0,0.0,0.0,79,441.81,Website,Debit Card,New Customer,Returned
ORD101420,2025-11-22,CUST10568,Lucknow,Uttar Pradesh,Electronics,Headphones,1,20768.0,0.0,0.0,49,20817.0,Marketplace,UPI,New Customer,Delivered
ORD100214,2025-11-23,CUST10141,Jaipur,Rajasthan,Sports,Yoga Mat,1,1008.0,0.0,0.0,79,0.0,Mobile App,Net Banking,Returning Customer,Cancelled
ORD101220,2025-11-23,CUST10559,Chennai,Tamil Nadu,Sports,Yoga Mat,2,11920.0,0.15,3576.0,99,0.0,Marketplace,UPI,Returning Customer,Cancelled
ORD101340,2025-11-23,CUST10223,Delhi,Delhi,Electronics,Smartphone,1,16535.0,0.2,3307.0,79,13307.0,Marketplace,Credit Card,New Customer,Delivered
ORD101393,2025-11-23,CUST10249,Ahmedabad,Gujarat,Fashion,Jacket,1,3785.0,0.0,0.0,49,3834.0,Website,Wallet,New Customer,Delivered
ORD101626,2025-11-23,CUST10171,Ahmedabad,Gujarat,Home & Kitchen,Mixer,1,6817.0,0.15,1022.55,149,0.0,Website,UPI,Returning Customer,Cancelled
ORD100404,2025-11-24,CUST10574,Pune,Maharashtra,Home & Kitchen,Air Fryer,1,4720.0,0.0,0.0,0,4720.0,Website,Cash on Delivery,VIP,Delivered
ORD101232,2025-11-24,CUST10076,Kochi,Kerala,Electronics,Laptop,2,20825.0,0.05,2082.5,79,0.0,Mobile App,Credit Card,New Customer,Cancelled
ORD100674,2025-11-25,CUST10091,Chennai,Tamil Nadu,Sports,Running Shoes,1,8915.0,0.1,891.5,0,0.0,Mobile App,UPI,Returning Customer,Cancelled
ORD100739,2025-11-25,CUST10535,Kolkata,West Bengal,Fashion,Jacket,3,3763.0,0.0,0.0,0,0.0,Website,UPI,Returning Customer,Cancelled
ORD101068,2025-11-25,CUST10077,Chennai,Tamil Nadu,Beauty,Hair Dryer,1,4151.0,0.1,415.1,149,3884.9,Website,UPI,New Customer,Delivered
ORD101154,2025-11-25,CUST10498,Ahmedabad,Gujarat,Fashion,Jeans,2,7809.0,0.0,0.0,0,15618.0,Marketplace,Debit Card,New Customer,Delivered
ORD101755,2025-11-25,CUST10421,Hyderabad,Telangana,Home & Kitchen,Cookware Set,2,2543.0,0.0,0.0,79,5165.0,Website,Debit Card,Returning Customer,Delivered
ORD101897,2025-11-25,CUST10353,Mumbai,Maharashtra,Beauty,Shampoo,1,4839.0,0.0,0.0,0,4839.0,Mobile App,Net Banking,New Customer,Delivered
ORD100175,2025-11-26,CUST10243,Delhi,Delhi,Sports,Running Shoes,1,5235.0,0.1,523.5,49,1005.8,Mobile App,UPI,New Customer,Returned
ORD100514,2025-11-26,CUST10222,Bengaluru,Karnataka,Fashion,T-Shirt,1,8564.0,0.0,0.0,0,0.0,Website,UPI,New Customer,Cancelled
ORD100600,2025-11-26,CUST10496,Ahmedabad,Gujarat,Home & Kitchen,Vacuum Cleaner,1,5973.0,0.0,0.0,79,6052.0,Marketplace,Net Banking,New Customer,Delivered
ORD101705,2025-11-26,CUST10303,Jaipur,Rajasthan,Sports,Football,1,3739.0,0.0,0.0,0,653.59,Website,UPI,New Customer,Returned
ORD101943,2025-11-26,CUST10597,Mumbai,Maharashtra,Sports,Cricket Bat,1,2026.0,0.0,0.0,79,410.75,Marketplace,Cash on Delivery,New Customer,Returned
ORD100520,2025-11-27,CUST10439,Lucknow,Uttar Pradesh,Sports,Cricket Bat,1,11783.0,0.1,1178.3,0,10604.7,Website,UPI,New Customer,Delivered
ORD101372,2025-11-27,CUST10544,Delhi,Delhi,Beauty,Shampoo,1,349.0,0.0,0.0,0,0.0,Website,UPI,VIP,Cancelled
ORD101521,2025-11-27,CUST10085,Ahmedabad,Gujarat,Electronics,Tablet,1,13117.0,0.0,0.0,149,13266.0,Mobile App,Cash on Delivery,New Customer,Delivered
ORD101723,2025-11-27,CUST10243,Bengaluru,Karnataka,Electronics,Smartphone,2,5495.0,0.15,1648.5,0,9341.5,Mobile App,Debit Card,New Customer,Delivered
ORD100096,2025-11-28,CUST10124,Delhi,Delhi,Sports,Running Shoes,1,4284.0,0.2,856.8,79,3506.2,Website,UPI,Returning Customer,Delivered
ORD100236,2025-11-28,CUST10390,Lucknow,Uttar Pradesh,Sports,Cricket Bat,1,5525.0,0.05,276.25,0,276.12,Website,Cash on Delivery,VIP,Returned
ORD100348,2025-11-28,CUST10356,Lucknow,Uttar Pradesh,Beauty,Shampoo,1,5147.0,0.2,1029.4,79,0.0,Mobile App,UPI,Returning Customer,Cancelled
ORD100542,2025-11-28,CUST10103,Kochi,Kerala,Sports,Yoga Mat,1,1945.0,0.0,0.0,99,2044.0,Mobile App,Credit Card,VIP,Delivered
ORD101296,2025-11-28,CUST10565,Indore,Madhya Pradesh,Sports,Running Shoes,1,4795.0,0.05,239.75,49,0.0,Website,Debit Card,New Customer,Cancelled
ORD101332,2025-11-28,CUST10214,Kolkata,West Bengal,Sports,Cricket Bat,1,4460.0,0.1,446.0,99,4113.0,Mobile App,Credit Card,VIP,Delivered
ORD101680,2025-11-28,CUST10405,Mumbai,Maharashtra,Fashion,Sneakers,1,1347.0,0.0,0.0,79,1426.0,Mobile App,Credit Card,VIP,Delivered
ORD100138,2025-11-29,CUST10012,Bengaluru,Karnataka,Fashion,Jeans,1,6892.0,0.0,0.0,49,972.25,Website,Debit Card,Returning Customer,Returned
ORD100539,2025-11-29,CUST10299,Chennai,Tamil Nadu,Fashion,Sneakers,1,5401.0,0.2,1080.2,0,735.0,Website,UPI,Returning Customer,Returned
ORD100574,2025-11-29,CUST10369,Jaipur,Rajasthan,Beauty,Perfume,1,2937.0,0.0,0.0,149,0.0,Website,Debit Card,Returning Customer,Cancelled
ORD100731,2025-11-29,CUST10001,Kolkata,West Bengal,Fashion,Sneakers,1,5101.0,0.05,255.05,49,0.0,Mobile App,UPI,New Customer,Cancelled
ORD100992,2025-11-29,CUST10257,Chennai,Tamil Nadu,Electronics,Smartwatch,1,21426.0,0.0,0.0,0,21426.0,Website,UPI,VIP,Delivered
ORD101274,2025-11-29,CUST10418,Hyderabad,Telangana,Electronics,Smartphone,1,7878.0,0.0,0.0,49,7927.0,Marketplace,UPI,Returning Customer,Delivered
ORD101809,2025-11-29,CUST10600,Kolkata,West Bengal,Electronics,Headphones,1,33285.0,0.0,0.0,0,33285.0,Website,Credit Card,New Customer,Delivered
ORD100557,2025-11-30,CUST10477,Indore,Madhya Pradesh,Electronics,Laptop,1,25392.0,0.15,3808.8,79,1209.29,Marketplace,Credit Card,Returning Customer,Returned
ORD100643,2025-11-30,CUST10541,Ahmedabad,Gujarat,Sports,Running Shoes,1,2557.0,0.15,383.55,49,2222.45,Website,Net Banking,VIP,Delivered
ORD100824,2025-11-30,CUST10227,Pune,Maharashtra,Electronics,Laptop,1,3017.0,0.2,603.4,0,2413.6,Mobile App,Debit Card,VIP,Delivered
ORD101592,2025-11-30,CUST10466,Jaipur,Rajasthan,Home & Kitchen,Mixer,1,11789.0,0.05,589.45,0,1357.89,Marketplace,Credit Card,New Customer,Returned
ORD100101,2025-12-01,CUST10324,Kochi,Kerala,Beauty,Perfume,2,839.0,0.2,335.6,79,1421.4,Website,Net Banking,New Customer,Delivered
ORD100279,2025-12-01,CUST10206,Pune,Maharashtra,Home & Kitchen,Coffee Maker,1,16995.0,0.0,0.0,49,17044.0,Website,UPI,New Customer,Delivered
ORD100454,2025-12-01,CUST10211,Jaipur,Rajasthan,Beauty,Face Wash,1,1628.0,0.0,0.0,0,1628.0,Website,Net Banking,New Customer,Delivered
ORD100812,2025-12-01,CUST10045,Chennai,Tamil Nadu,Electronics,Tablet,2,32433.0,0.0,0.0,79,64945.0,Website,Cash on Delivery,New Customer,Delivered
ORD100841,2025-12-01,CUST10111,Kolkata,West Bengal,Electronics,Smartwatch,1,9368.0,0.15,1405.2,49,8011.8,Marketplace,Credit Card,New Customer,Delivered
ORD101077,2025-12-01,CUST10228,Jaipur,Rajasthan,Electronics,Smartwatch,1,9513.0,0.0,0.0,0,0.0,Marketplace,Credit Card,VIP,Cancelled
ORD101257,2025-12-01,CUST10309,Lucknow,Uttar Pradesh,Electronics,Smartwatch,1,60049.0,0.0,0.0,99,60148.0,Mobile App,Credit Card,Returning Customer,Delivered
ORD101384,2025-12-01,CUST10406,Hyderabad,Telangana,Fashion,T-Shirt,2,4308.0,0.05,430.8,49,8234.2,Mobile App,Debit Card,New Customer,Delivered
ORD100410,2025-12-02,CUST10413,Jaipur,Rajasthan,Electronics,Laptop,3,25238.0,0.1,7571.4,0,68142.6,Website,Wallet,VIP,Delivered
ORD100704,2025-12-02,CUST10398,Mumbai,Maharashtra,Fashion,Backpack,1,5204.0,0.15,780.6,0,769.18,Website,Debit Card,New Customer,Returned
ORD101236,2025-12-02,CUST10449,Jaipur,Rajasthan,Home & Kitchen,Air Fryer,2,15520.0,0.0,0.0,99,31139.0,Website,Cash on Delivery,New Customer,Delivered
ORD101286,2025-12-02,CUST10478,Hyderabad,Telangana,Beauty,Perfume,1,1963.0,0.0,0.0,79,2042.0,Website,UPI,Returning Customer,Delivered
ORD100565,2025-12-03,CUST10138,Hyderabad,Telangana,Electronics,Tablet,1,24662.0,0.0,0.0,49,24711.0,Mobile App,UPI,Returning Customer,Delivered
ORD101018,2025-12-03,CUST10138,Bengaluru,Karnataka,Fashion,Sneakers,3,7353.0,0.0,0.0,0,22059.0,Mobile App,Credit Card,New Customer,Delivered
ORD101086,2025-12-03,CUST10475,Indore,Madhya Pradesh,Fashion,Sneakers,1,3275.0,0.2,655.0,49,2669.0,Mobile App,Net Banking,New Customer,Delivered
ORD101890,2025-12-03,CUST10180,Bengaluru,Karnataka,Fashion,Jeans,2,5586.0,0.0,0.0,0,11172.0,Website,Debit Card,New Customer,Delivered
ORD100340,2025-12-04,CUST10300,Delhi,Delhi,Fashion,Jacket,1,6045.0,0.05,302.25,0,5742.75,Website,Wallet,New Customer,Delivered
ORD100417,2025-12-04,CUST10588,Jaipur,Rajasthan,Home & Kitchen,Vacuum Cleaner,2,3831.0,0.15,1149.3,49,6561.7,Marketplace,Credit Card,Returning Customer,Delivered
ORD100591,2025-12-04,CUST10133,Chennai,Tamil Nadu,Sports,Yoga Mat,2,4475.0,0.05,447.5,0,8502.5,Mobile App,Credit Card,New Customer,Delivered
ORD101020,2025-12-04,CUST10116,Pune,Maharashtra,Fashion,T-Shirt,1,3994.0,0.0,0.0,49,4043.0,Website,Debit Card,New Customer,Delivered
ORD101033,2025-12-04,CUST10497,Pune,Maharashtra,Fashion,T-Shirt,1,3291.0,0.0,0.0,49,3340.0,Website,Cash on Delivery,New Customer,Delivered
ORD101147,2025-12-04,CUST10475,Bengaluru,Karnataka,Electronics,Laptop,3,23780.0,0.0,0.0,149,71489.0,Website,UPI,Returning Customer,Delivered
ORD100369,2025-12-05,CUST10147,Indore,Madhya Pradesh,Home & Kitchen,Coffee Maker,1,4773.0,0.05,238.65,49,698.23,Marketplace,UPI,New Customer,Returned
ORD100530,2025-12-05,CUST10221,Lucknow,Uttar Pradesh,Fashion,T-Shirt,2,1747.0,0.2,698.8,99,2894.2,Marketplace,Debit Card,Returning Customer,Delivered
ORD100936,2025-12-05,CUST10207,Bengaluru,Karnataka,Beauty,Shampoo,1,1005.0,0.15,150.75,149,0.0,Website,Debit Card,Returning Customer,Cancelled
ORD101687,2025-12-05,CUST10168,Delhi,Delhi,Sports,Running Shoes,1,6239.0,0.0,0.0,0,6239.0,Mobile App,UPI,Returning Customer,Delivered
ORD100003,2025-12-06,CUST10206,Hyderabad,Telangana,Home & Kitchen,Cookware Set,1,12457.0,0.05,622.85,99,11933.15,Website,UPI,Returning Customer,Delivered
ORD100798,2025-12-06,CUST10168,Ahmedabad,Gujarat,Electronics,Laptop,1,39365.0,0.05,1968.25,0,4253.49,Website,Credit Card,New Customer,Returned
ORD101092,2025-12-06,CUST10178,Kolkata,West Bengal,Fashion,Sneakers,1,3195.0,0.05,159.75,99,3134.25,Website,UPI,New Customer,Delivered
ORD101301,2025-12-06,CUST10423,Lucknow,Uttar Pradesh,Sports,Cricket Bat,1,7011.0,0.0,0.0,149,596.31,Mobile App,Cash on Delivery,New Customer,Returned
ORD101421,2025-12-06,CUST10231,Indore,Madhya Pradesh,Fashion,Jacket,2,1744.0,0.0,0.0,79,3567.0,Mobile App,Debit Card,Returning Customer,Delivered
ORD101816,2025-12-06,CUST10052,Delhi,Delhi,Fashion,Jeans,1,3168.0,0.15,475.2,49,2741.8,Marketplace,UPI,Returning Customer,Delivered
ORD100207,2025-12-07,CUST10385,Jaipur,Rajasthan,Fashion,Jeans,1,2724.0,0.2,544.8,49,2228.2,Mobile App,UPI,Returning Customer,Delivered
ORD100705,2025-12-07,CUST10373,Jaipur,Rajasthan,Home & Kitchen,Air Fryer,2,14878.0,0.05,1487.8,0,28268.2,Marketplace,UPI,Returning Customer,Delivered
ORD101145,2025-12-07,CUST10466,Bengaluru,Karnataka,Electronics,Laptop,1,21028.0,0.0,0.0,99,21127.0,Website,UPI,VIP,Delivered
ORD101813,2025-12-07,CUST10138,Hyderabad,Telangana,Electronics,Tablet,3,10159.0,0.1,3047.7,0,1810.26,Website,Debit Card,Returning Customer,Returned
ORD101829,2025-12-07,CUST10328,Kolkata,West Bengal,Sports,Dumbbells,1,5117.0,0.0,0.0,0,1253.15,Website,Credit Card,Returning Customer,Returned
ORD101830,2025-12-07,CUST10004,Ahmedabad,Gujarat,Fashion,Sneakers,1,7009.0,0.0,0.0,49,0.0,Mobile App,UPI,Returning Customer,Cancelled
ORD101887,2025-12-07,CUST10377,Mumbai,Maharashtra,Electronics,Headphones,1,15091.0,0.1,1509.1,79,13660.9,Website,Net Banking,Returning Customer,Delivered
ORD100903,2025-12-08,CUST10347,Jaipur,Rajasthan,Sports,Running Shoes,1,3100.0,0.15,465.0,0,2635.0,Website,Cash on Delivery,Returning Customer,Delivered
ORD101426,2025-12-08,CUST10469,Bengaluru,Karnataka,Electronics,Smartphone,1,11422.0,0.0,0.0,0,11422.0,Mobile App,UPI,VIP,Delivered
ORD101886,2025-12-08,CUST10138,Hyderabad,Telangana,Electronics,Smartphone,1,55772.0,0.0,0.0,0,55772.0,Marketplace,Debit Card,New Customer,Delivered
ORD100247,2025-12-09,CUST10206,Hyderabad,Telangana,Fashion,T-Shirt,1,8106.0,0.15,1215.9,0,6890.1,Website,Credit Card,VIP,Delivered
ORD100669,2025-12-09,CUST10051,Lucknow,Uttar Pradesh,Fashion,T-Shirt,1,5935.0,0.0,0.0,49,394.45,Website,Debit Card,New Customer,Returned
ORD100703,2025-12-09,CUST10487,Kochi,Kerala,Fashion,Jeans,1,1076.0,0.0,0.0,0,1076.0,Website,Credit Card,Returning Customer,Delivered
ORD100092,2025-12-10,CUST10440,Jaipur,Rajasthan,Sports,Running Shoes,1,11499.0,0.1,1149.9,0,10349.1,Marketplace,Debit Card,VIP,Delivered
ORD100195,2025-12-10,CUST10551,Chennai,Tamil Nadu,Electronics,Smartphone,1,40377.0,0.0,0.0,0,40377.0,Mobile App,Net Banking,VIP,Delivered
ORD100204,2025-12-10,CUST10234,Kolkata,West Bengal,Electronics,Tablet,1,62686.0,0.0,0.0,0,14739.2,Website,UPI,New Customer,Returned
ORD101333,2025-12-10,CUST10551,Delhi,Delhi,Electronics,Smartphone,2,37649.0,0.0,0.0,0,12603.67,Website,UPI,Returning Customer,Returned
ORD101509,2025-12-10,CUST10489,Indore,Madhya Pradesh,Beauty,Perfume,1,5661.0,0.05,283.05,79,5456.95,Mobile App,UPI,New Customer,Delivered
ORD101725,2025-12-10,CUST10423,Kochi,Kerala,Electronics,Smartphone,1,28878.0,0.15,4331.7,49,24595.3,Website,Credit Card,Returning Customer,Delivered
ORD101835,2025-12-10,CUST10257,Ahmedabad,Gujarat,Electronics,Smartphone,2,64778.0,0.2,25911.2,79,103723.8,Mobile App,Cash on Delivery,New Customer,Delivered
ORD100306,2025-12-11,CUST10557,Bengaluru,Karnataka,Fashion,Backpack,1,2573.0,0.05,128.65,49,499.51,Marketplace,Cash on Delivery,Returning Customer,Returned
ORD100685,2025-12-11,CUST10228,Kochi,Kerala,Beauty,Shampoo,1,4857.0,0.05,242.85,0,4614.15,Mobile App,Net Banking,Returning Customer,Delivered
ORD101034,2025-12-11,CUST10292,Bengaluru,Karnataka,Electronics,Headphones,1,62982.0,0.1,6298.2,99,56782.8,Website,UPI,Returning Customer,Delivered
ORD101162,2025-12-11,CUST10135,Jaipur,Rajasthan,Sports,Yoga Mat,2,6136.0,0.0,0.0,49,0.0,Website,Credit Card,VIP,Cancelled
ORD100901,2025-12-12,CUST10583,Lucknow,Uttar Pradesh,Electronics,Tablet,1,47655.0,0.05,2382.75,79,45351.25,Website,UPI,Returning Customer,Delivered
ORD101594,2025-12-12,CUST10225,Ahmedabad,Gujarat,Electronics,Headphones,1,44590.0,0.0,0.0,0,44590.0,Mobile App,UPI,Returning Customer,Delivered
ORD100506,2025-12-13,CUST10115,Mumbai,Maharashtra,Sports,Football,1,6682.0,0.05,334.1,79,0.0,Marketplace,UPI,New Customer,Cancelled
ORD100905,2025-12-13,CUST10082,Ahmedabad,Gujarat,Electronics,Laptop,1,9461.0,0.15,1419.15,0,860.69,Mobile App,UPI,Returning Customer,Returned
ORD101311,2025-12-13,CUST10483,Ahmedabad,Gujarat,Fashion,T-Shirt,1,6716.0,0.0,0.0,99,6815.0,Mobile App,Wallet,New Customer,Delivered
ORD101714,2025-12-13,CUST10503,Mumbai,Maharashtra,Electronics,Tablet,1,36954.0,0.0,0.0,149,37103.0,Mobile App,UPI,Returning Customer,Delivered
ORD100139,2025-12-14,CUST10286,Ahmedabad,Gujarat,Sports,Football,3,730.0,0.1,219.0,79,2050.0,Mobile App,Debit Card,New Customer,Delivered
ORD100419,2025-12-14,CUST10090,Ahmedabad,Gujarat,Home & Kitchen,Coffee Maker,1,8905.0,0.1,890.5,0,8014.5,Mobile App,Credit Card,New Customer,Delivered
ORD100736,2025-12-14,CUST10165,Mumbai,Maharashtra,Sports,Dumbbells,1,7716.0,0.1,771.6,79,7023.4,Marketplace,Cash on Delivery,Returning Customer,Delivered
ORD101105,2025-12-14,CUST10407,Lucknow,Uttar Pradesh,Electronics,Headphones,2,19791.0,0.15,5937.3,49,33693.7,Website,Credit Card,New Customer,Delivered
ORD101224,2025-12-14,CUST10252,Bengaluru,Karnataka,Electronics,Laptop,1,31009.0,0.2,6201.8,49,4859.07,Marketplace,UPI,Returning Customer,Returned
ORD101249,2025-12-14,CUST10312,Bengaluru,Karnataka,Beauty,Perfume,2,4944.0,0.1,988.8,99,687.2,Mobile App,Cash on Delivery,New Customer,Returned
ORD101466,2025-12-14,CUST10119,Chennai,Tamil Nadu,Electronics,Headphones,1,40202.0,0.05,2010.1,49,38240.9,Website,Wallet,Returning Customer,Delivered
ORD101688,2025-12-14,CUST10429,Chennai,Tamil Nadu,Home & Kitchen,Air Fryer,1,4626.0,0.15,693.9,0,3932.1,Marketplace,UPI,Returning Customer,Delivered
ORD100014,2025-12-15,CUST10148,Pune,Maharashtra,Electronics,Headphones,2,21659.0,0.0,0.0,79,43397.0,Mobile App,UPI,Returning Customer,Delivered
ORD100021,2025-12-15,CUST10161,Kolkata,West Bengal,Beauty,Hair Dryer,1,5808.0,0.2,1161.6,99,0.0,Website,UPI,Returning Customer,Cancelled
ORD100028,2025-12-15,CUST10285,Pune,Maharashtra,Fashion,Backpack,1,2530.0,0.0,0.0,79,2609.0,Website,UPI,New Customer,Delivered
ORD100075,2025-12-15,CUST10328,Ahmedabad,Gujarat,Sports,Yoga Mat,1,6845.0,0.0,0.0,0,0.0,Website,Cash on Delivery,New Customer,Cancelled
ORD100089,2025-12-15,CUST10450,Bengaluru,Karnataka,Electronics,Smartphone,1,48144.0,0.05,2407.2,49,45785.8,Website,Cash on Delivery,New Customer,Delivered
ORD100902,2025-12-15,CUST10300,Indore,Madhya Pradesh,Electronics,Smartphone,1,15023.0,0.1,1502.3,49,13569.7,Website,UPI,Returning Customer,Delivered
ORD101016,2025-12-15,CUST10342,Hyderabad,Telangana,Home & Kitchen,Cookware Set,1,9427.0,0.1,942.7,0,8484.3,Website,Credit Card,New Customer,Delivered
ORD101938,2025-12-15,CUST10173,Delhi,Delhi,Fashion,Jacket,2,8926.0,0.05,892.6,0,16959.4,Website,Net Banking,Returning Customer,Delivered
ORD100166,2025-12-16,CUST10476,Bengaluru,Karnataka,Fashion,Backpack,1,4133.0,0.0,0.0,0,4133.0,Mobile App,Wallet,VIP,Delivered
ORD100469,2025-12-16,CUST10187,Indore,Madhya Pradesh,Beauty,Hair Dryer,1,534.0,0.0,0.0,0,0.0,Website,Wallet,Returning Customer,Cancelled
ORD101060,2025-12-16,CUST10405,Pune,Maharashtra,Fashion,Jacket,1,7274.0,0.0,0.0,49,7323.0,Website,Debit Card,Returning Customer,Delivered
ORD101271,2025-12-16,CUST10367,Kolkata,West Bengal,Home & Kitchen,Mixer,1,2253.0,0.15,337.95,0,1915.05,Website,UPI,Returning Customer,Delivered
ORD101711,2025-12-16,CUST10487,Hyderabad,Telangana,Electronics,Headphones,1,3280.0,0.05,164.0,79,3195.0,Marketplace,Net Banking,New Customer,Delivered
ORD101808,2025-12-16,CUST10506,Delhi,Delhi,Fashion,Backpack,1,2643.0,0.15,396.45,0,2246.55,Mobile App,Credit Card,New Customer,Delivered
ORD100871,2025-12-17,CUST10560,Mumbai,Maharashtra,Fashion,Jeans,2,3062.0,0.2,1224.8,0,0.0,Website,Net Banking,Returning Customer,Cancelled
ORD101653,2025-12-17,CUST10287,Mumbai,Maharashtra,Fashion,Sneakers,1,4274.0,0.0,0.0,149,0.0,Mobile App,Debit Card,VIP,Cancelled
ORD101860,2025-12-17,CUST10342,Indore,Madhya Pradesh,Home & Kitchen,Coffee Maker,1,9456.0,0.0,0.0,99,9555.0,Website,Cash on Delivery,Returning Customer,Delivered
ORD100396,2025-12-18,CUST10446,Delhi,Delhi,Sports,Running Shoes,1,11948.0,0.15,1792.2,0,10155.8,Website,Credit Card,New Customer,Delivered
ORD100430,2025-12-18,CUST10544,Bengaluru,Karnataka,Electronics,Smartphone,2,8045.0,0.0,0.0,99,16189.0,Marketplace,Credit Card,Returning Customer,Delivered
ORD100766,2025-12-18,CUST10476,Hyderabad,Telangana,Home & Kitchen,Mixer,1,4352.0,0.0,0.0,149,0.0,Mobile App,UPI,Returning Customer,Cancelled
ORD100781,2025-12-18,CUST10559,Indore,Madhya Pradesh,Beauty,Perfume,1,4217.0,0.0,0.0,79,4296.0,Mobile App,Credit Card,VIP,Delivered
ORD101188,2025-12-18,CUST10500,Pune,Maharashtra,Home & Kitchen,Mixer,1,3647.0,0.0,0.0,149,3796.0,Website,Credit Card,Returning Customer,Delivered
ORD101436,2025-12-18,CUST10428,Chennai,Tamil Nadu,Fashion,Jacket,1,5273.0,0.0,0.0,149,309.27,Mobile App,Cash on Delivery,New Customer,Returned
ORD100450,2025-12-19,CUST10153,Mumbai,Maharashtra,Fashion,T-Shirt,3,873.0,0.05,130.95,0,2488.05,Mobile App,Credit Card,New Customer,Delivered
ORD100604,2025-12-19,CUST10192,Hyderabad,Telangana,Beauty,Hair Dryer,1,4020.0,0.0,0.0,0,4020.0,Mobile App,Credit Card,New Customer,Delivered
ORD101045,2025-12-19,CUST10341,Delhi,Delhi,Electronics,Smartwatch,1,18804.0,0.15,2820.6,0,0.0,Mobile App,UPI,VIP,Cancelled
ORD101692,2025-12-19,CUST10526,Pune,Maharashtra,Fashion,T-Shirt,3,7222.0,0.0,0.0,49,21715.0,Website,UPI,New Customer,Delivered
ORD101827,2025-12-19,CUST10198,Kolkata,West Bengal,Home & Kitchen,Cookware Set,1,17346.0,0.1,1734.6,0,15611.4,Marketplace,Credit Card,Returning Customer,Delivered
ORD100590,2025-12-20,CUST10317,Chennai,Tamil Nadu,Fashion,T-Shirt,1,7946.0,0.0,0.0,99,452.24,Website,UPI,New Customer,Returned
ORD100605,2025-12-20,CUST10309,Hyderabad,Telangana,Beauty,Face Wash,1,5221.0,0.0,0.0,49,5270.0,Marketplace,Credit Card,New Customer,Delivered
ORD101395,2025-12-20,CUST10242,Pune,Maharashtra,Electronics,Smartwatch,1,49772.0,0.1,4977.2,49,3636.23,Mobile App,Debit Card,VIP,Returned
ORD100775,2025-12-21,CUST10484,Kochi,Kerala,Beauty,Face Wash,2,5160.0,0.0,0.0,0,0.0,Website,Cash on Delivery,New Customer,Cancelled
ORD100779,2025-12-21,CUST10428,Lucknow,Uttar Pradesh,Home & Kitchen,Coffee Maker,1,10939.0,0.0,0.0,49,2409.79,Website,Debit Card,Returning Customer,Returned
ORD100826,2025-12-21,CUST10327,Ahmedabad,Gujarat,Beauty,Perfume,1,4980.0,0.0,0.0,0,4980.0,Mobile App,Credit Card,VIP,Delivered
ORD101546,2025-12-21,CUST10070,Pune,Maharashtra,Beauty,Perfume,1,1723.0,0.0,0.0,0,1723.0,Mobile App,Debit Card,VIP,Delivered
ORD100567,2025-12-22,CUST10299,Mumbai,Maharashtra,Sports,Football,1,4401.0,0.0,0.0,49,4450.0,Website,UPI,Returning Customer,Delivered
ORD100576,2025-12-22,CUST10043,Bengaluru,Karnataka,Fashion,T-Shirt,2,7792.0,0.1,1558.4,49,14074.6,Mobile App,Net Banking,New Customer,Delivered
ORD100622,2025-12-22,CUST10461,Jaipur,Rajasthan,Sports,Dumbbells,1,2737.0,0.1,273.7,0,2463.3,Mobile App,UPI,Returning Customer,Delivered
ORD101557,2025-12-22,CUST10142,Jaipur,Rajasthan,Electronics,Smartwatch,1,64402.0,0.15,9660.3,79,54820.7,Mobile App,UPI,New Customer,Delivered
ORD100286,2025-12-23,CUST10405,Lucknow,Uttar Pradesh,Electronics,Smartwatch,1,10384.0,0.0,0.0,49,591.92,Marketplace,Cash on Delivery,Returning Customer,Returned
ORD100483,2025-12-23,CUST10498,Jaipur,Rajasthan,Electronics,Laptop,2,13921.0,0.05,1392.1,0,26449.9,Mobile App,UPI,Returning Customer,Delivered
ORD100895,2025-12-23,CUST10286,Mumbai,Maharashtra,Home & Kitchen,Vacuum Cleaner,1,4945.0,0.15,741.75,79,4282.25,Mobile App,UPI,Returning Customer,Delivered
ORD101345,2025-12-23,CUST10528,Hyderabad,Telangana,Electronics,Tablet,1,17722.0,0.0,0.0,49,4030.02,Website,Credit Card,VIP,Returned
ORD101387,2025-12-23,CUST10390,Kolkata,West Bengal,Fashion,Sneakers,1,4911.0,0.15,736.65,79,866.41,Marketplace,UPI,New Customer,Returned
ORD100298,2025-12-24,CUST10584,Delhi,Delhi,Electronics,Smartwatch,2,5511.0,0.0,0.0,49,0.0,Mobile App,UPI,Returning Customer,Cancelled
ORD100360,2025-12-24,CUST10217,Mumbai,Maharashtra,Sports,Running Shoes,1,8086.0,0.0,0.0,79,1151.89,Marketplace,Debit Card,VIP,Returned
ORD101158,2025-12-24,CUST10245,Indore,Madhya Pradesh,Electronics,Smartphone,1,14427.0,0.15,2164.05,99,12361.95,Website,UPI,VIP,Delivered
ORD101185,2025-12-24,CUST10029,Jaipur,Rajasthan,Electronics,Smartphone,1,56213.0,0.0,0.0,0,56213.0,Mobile App,Cash on Delivery,Returning Customer,Delivered
ORD101256,2025-12-24,CUST10034,Kolkata,West Bengal,Electronics,Tablet,1,5147.0,0.0,0.0,0,5147.0,Mobile App,Credit Card,New Customer,Delivered
ORD101753,2025-12-24,CUST10171,Delhi,Delhi,Sports,Cricket Bat,1,2550.0,0.15,382.5,79,2246.5,Mobile App,Debit Card,New Customer,Delivered
ORD101872,2025-12-24,CUST10431,Kochi,Kerala,Fashion,Sneakers,1,2382.0,0.05,119.1,79,452.35,Website,UPI,New Customer,Returned
ORD100091,2025-12-25,CUST10146,Chennai,Tamil Nadu,Sports,Yoga Mat,1,8921.0,0.0,0.0,49,1978.46,Website,UPI,New Customer,Returned
ORD100551,2025-12-25,CUST10016,Delhi,Delhi,Beauty,Hair Dryer,3,1145.0,0.0,0.0,0,3435.0,Mobile App,Cash on Delivery,Returning Customer,Delivered
ORD100984,2025-12-25,CUST10238,Ahmedabad,Gujarat,Sports,Yoga Mat,1,8301.0,0.0,0.0,0,8301.0,Mobile App,Wallet,Returning Customer,Delivered
ORD101338,2025-12-25,CUST10482,Jaipur,Rajasthan,Sports,Cricket Bat,1,2576.0,0.1,257.6,0,0.0,Website,Credit Card,VIP,Cancelled
ORD101697,2025-12-25,CUST10462,Ahmedabad,Gujarat,Sports,Football,1,9754.0,0.0,0.0,49,9803.0,Mobile App,Wallet,New Customer,Delivered
ORD101842,2025-12-25,CUST10268,Chennai,Tamil Nadu,Electronics,Laptop,1,64390.0,0.05,3219.5,0,0.0,Website,Net Banking,Returning Customer,Cancelled
ORD101884,2025-12-25,CUST10334,Ahmedabad,Gujarat,Fashion,Sneakers,1,8402.0,0.0,0.0,0,8402.0,Marketplace,Cash on Delivery,New Customer,Delivered
ORD100022,2025-12-26,CUST10490,Mumbai,Maharashtra,Sports,Yoga Mat,1,2903.0,0.1,290.3,49,2661.7,Marketplace,Net Banking,Returning Customer,Delivered
ORD100316,2025-12-26,CUST10271,Lucknow,Uttar Pradesh,Electronics,Smartphone,1,58850.0,0.15,8827.5,79,50101.5,Mobile App,Cash on Delivery,New Customer,Delivered
ORD100769,2025-12-26,CUST10120,Kolkata,West Bengal,Electronics,Laptop,1,56776.0,0.0,0.0,0,7133.3,Mobile App,UPI,New Customer,Returned
ORD101127,2025-12-26,CUST10158,Lucknow,Uttar Pradesh,Home & Kitchen,Vacuum Cleaner,1,9949.0,0.0,0.0,49,9998.0,Mobile App,Wallet,Returning Customer,Delivered
ORD101459,2025-12-26,CUST10056,Kolkata,West Bengal,Sports,Running Shoes,1,6146.0,0.0,0.0,0,0.0,Website,Wallet,New Customer,Cancelled
ORD100124,2025-12-27,CUST10161,Hyderabad,Telangana,Fashion,Backpack,1,6057.0,0.2,1211.4,0,4845.6,Website,Cash on Delivery,Returning Customer,Delivered
ORD100909,2025-12-27,CUST10549,Hyderabad,Telangana,Electronics,Tablet,1,15288.0,0.1,1528.8,79,13838.2,Website,Credit Card,Returning Customer,Delivered
ORD101840,2025-12-27,CUST10536,Mumbai,Maharashtra,Fashion,Jacket,1,2077.0,0.1,207.7,79,1948.3,Mobile App,UPI,New Customer,Delivered
ORD101290,2025-12-28,CUST10412,Indore,Madhya Pradesh,Sports,Cricket Bat,1,10139.0,0.0,0.0,0,10139.0,Mobile App,Net Banking,New Customer,Delivered
ORD101361,2025-12-28,CUST10554,Ahmedabad,Gujarat,Home & Kitchen,Coffee Maker,1,9986.0,0.05,499.3,79,9565.7,Marketplace,Debit Card,New Customer,Delivered
ORD101819,2025-12-28,CUST10486,Kolkata,West Bengal,Fashion,T-Shirt,2,5370.0,0.1,1074.0,0,2379.1,Mobile App,Wallet,Returning Customer,Returned
ORD101984,2025-12-28,CUST10124,Jaipur,Rajasthan,Electronics,Smartphone,1,24696.0,0.2,4939.2,99,19855.8,Marketplace,Credit Card,Returning Customer,Delivered
ORD100525,2025-12-29,CUST10116,Chennai,Tamil Nadu,Sports,Dumbbells,1,8588.0,0.0,0.0,149,895.84,Marketplace,UPI,New Customer,Returned
ORD101163,2025-12-29,CUST10483,Indore,Madhya Pradesh,Electronics,Smartphone,2,26775.0,0.05,2677.5,99,50971.5,Website,UPI,New Customer,Delivered
ORD100182,2025-12-30,CUST10277,Kochi,Kerala,Fashion,Sneakers,1,3477.0,0.0,0.0,99,3576.0,Website,UPI,Returning Customer,Delivered
ORD100295,2025-12-30,CUST10340,Indore,Madhya Pradesh,Fashion,Jeans,1,847.0,0.0,0.0,49,208.89,Marketplace,Cash on Delivery,Returning Customer,Returned
ORD100737,2025-12-30,CUST10044,Delhi,Delhi,Electronics,Tablet,1,43403.0,0.0,0.0,99,43502.0,Mobile App,Cash on Delivery,Returning Customer,Delivered
ORD100853,2025-12-30,CUST10497,Kochi,Kerala,Electronics,Smartwatch,2,53935.0,0.0,0.0,49,107919.0,Website,UPI,VIP,Delivered
ORD100993,2025-12-30,CUST10310,Bengaluru,Karnataka,Electronics,Smartphone,2,48073.0,0.0,0.0,49,96195.0,Marketplace,Cash on Delivery,Returning Customer,Delivered
ORD101533,2025-12-30,CUST10291,Mumbai,Maharashtra,Beauty,Hair Dryer,3,995.0,0.0,0.0,49,648.89,Marketplace,Credit Card,New Customer,Returned
ORD101535,2025-12-30,CUST10165,Chennai,Tamil Nadu,Home & Kitchen,Vacuum Cleaner,2,3513.0,0.0,0.0,79,7105.0,Website,Cash on Delivery,VIP,Delivered
ORD100084,2025-12-31,CUST10217,Jaipur,Rajasthan,Fashion,Sneakers,1,5761.0,0.0,0.0,0,5761.0,Mobile App,Debit Card,Returning Customer,Delivered
ORD100349,2025-12-31,CUST10396,Ahmedabad,Gujarat,Fashion,Sneakers,1,2274.0,0.1,227.4,79,294.34,Website,Debit Card,Returning Customer,Returned
ORD100610,2025-12-31,CUST10046,Indore,Madhya Pradesh,Fashion,Backpack,3,2595.0,0.15,1167.75,49,6666.25,Website,Debit Card,New Customer,Delivered
ORD100770,2025-12-31,CUST10268,Kolkata,West Bengal,Electronics,Laptop,2,15016.0,0.1,3003.2,149,0.0,Mobile App,Credit Card,New Customer,Cancelled
ORD101084,2025-12-31,CUST10155,Pune,Maharashtra,Sports,Cricket Bat,1,3957.0,0.1,395.7,149,3710.3,Website,UPI,Returning Customer,Delivered
ORD101552,2025-12-31,CUST10469,Lucknow,Uttar Pradesh,Sports,Running Shoes,1,8396.0,0.0,0.0,49,0.0,Website,Credit Card,New Customer,Cancelled
ORD101786,2025-12-31,CUST10200,Delhi,Delhi,Electronics,Tablet,1,3371.0,0.0,0.0,79,3450.0,Website,Debit Card,Returning Customer,Delivered
ORD101951,2025-12-31,CUST10105,Hyderabad,Telangana,Home & Kitchen,Vacuum Cleaner,1,9670.0,0.0,0.0,149,9819.0,Mobile App,UPI,Returning Customer,Delivered
ORD101960,2025-12-31,CUST10167,Bengaluru,Karnataka,Fashion,Sneakers,1,5245.0,0.1,524.5,0,4720.5,Mobile App,Debit Card,New Customer,Delivered
